UUID,session,bill_number
AZ2001H2074,2001 - Forty-fifth Legislature - First Regular Session,HB2074
AZ2001H2078,2001 - Forty-fifth Legislature - First Regular Session,HB2078
AZ2001H2096,2001 - Forty-fifth Legislature - First Regular Session,HB2096
AZ2001H2257,2001 - Forty-fifth Legislature - First Regular Session,HB2257
AZ2001H2258,2001 - Forty-fifth Legislature - First Regular Session,HB2258
AZ2001H2451,2001 - Forty-fifth Legislature - First Regular Session,HB2451
AZ2001H2597,2001 - Forty-fifth Legislature - First Regular Session,HB2597
AZ2001H2631,2001 - Forty-fifth Legislature - First Regular Session,HB2631
AZ2001HCR2011,2001 - Forty-fifth Legislature - First Regular Session,HCR2011
AZ2001S1019,2001 - Forty-fifth Legislature - First Regular Session,SB1019
AZ2001S1154,2001 - Forty-fifth Legislature - First Regular Session,SB1154
AZ2001S1309,2001 - Forty-fifth Legislature - First Regular Session,SB1309
AZ2001S1378,2001 - Forty-fifth Legislature - First Regular Session,SB1378
AZ2001S1379,2001 - Forty-fifth Legislature - First Regular Session,SB1379
AZ2001S1428,2001 - Forty-fifth Legislature - First Regular Session,SB1428
AZ2001S1529,2001 - Forty-fifth Legislature - First Regular Session,SB1529
AZ2002H2332,2002 - Forty-fifth Legislature - Second Regular Session,HB2332
AZ2002H2342,2002 - Forty-fifth Legislature - Second Regular Session,HB2342
AZ2002H2353,2002 - Forty-fifth Legislature - Second Regular Session,HB2353
AZ2002H2367,2002 - Forty-fifth Legislature - Second Regular Session,HB2367
AZ2002H2600,2002 - Forty-fifth Legislature - Second Regular Session,HB2600
AZ2002H2621,2002 - Forty-fifth Legislature - Second Regular Session,HB2621
AZ2002H2627,2002 - Forty-fifth Legislature - Second Regular Session,HB2627
AZ2002H2696,2002 - Forty-fifth Legislature - Second Regular Session,HB2696
AZ2002HCR2005,2002 - Forty-fifth Legislature - Second Regular Session,HCR2005
AZ2002S1030,2002 - Forty-fifth Legislature - Second Regular Session,SB1030
AZ2002S1031,2002 - Forty-fifth Legislature - Second Regular Session,SB1031
AZ2002S1234,2002 - Forty-fifth Legislature - Second Regular Session,SB1234
AZ2002S1251,2002 - Forty-fifth Legislature - Second Regular Session,SB1251
AZ2002S1269,2002 - Forty-fifth Legislature - Second Regular Session,SB1269
AZ2002S1285,2002 - Forty-fifth Legislature - Second Regular Session,SB1285
AZ2002S1312,2002 - Forty-fifth Legislature - Second Regular Session,SB1312
AZ2002S1384,2002 - Forty-fifth Legislature - Second Regular Session,SB1384
AZ2002S1407,2002 - Forty-fifth Legislature - Second Regular Session,SB1407
AZ2002S1422,2002 - Forty-fifth Legislature - Second Regular Session,SB1422
AZ2003H2064,2003 - Forty-sixth Legislature - First Regular Session,HB2064
AZ2003H2246,2003 - Forty-sixth Legislature - First Regular Session,HB2246
AZ2003H2345,2003 - Forty-sixth Legislature - First Regular Session,HB2345
AZ2003H2378,2003 - Forty-sixth Legislature - First Regular Session,HB2378
AZ2003H2511,2003 - Forty-sixth Legislature - First Regular Session,HB2511
AZ2003H2512,2003 - Forty-sixth Legislature - First Regular Session,HB2512
AZ2003S1012,2003 - Forty-sixth Legislature - First Regular Session,SB1012
AZ2003S1020,2003 - Forty-sixth Legislature - First Regular Session,SB1020
AZ2003S1021,2003 - Forty-sixth Legislature - First Regular Session,SB1021
AZ2003S1023,2003 - Forty-sixth Legislature - First Regular Session,SB1023
AZ2003S1046,2003 - Forty-sixth Legislature - First Regular Session,SB1046
AZ2003S1075,2003 - Forty-sixth Legislature - First Regular Session,SB1075
AZ2003S1145,2003 - Forty-sixth Legislature - First Regular Session,SB1145
AZ2003S1153,2003 - Forty-sixth Legislature - First Regular Session,SB1153
AZ2003S1350,2003 - Forty-sixth Legislature - First Regular Session,SB1350
AZ2004H2110,2004 - Forty-sixth Legislature - Second Regular Session,HB2110
AZ2004H2303,2004 - Forty-sixth Legislature - Second Regular Session,HB2303
AZ2004H2394,2004 - Forty-sixth Legislature - Second Regular Session,HB2394
AZ2004H2407,2004 - Forty-sixth Legislature - Second Regular Session,HB2407
AZ2004H2408,2004 - Forty-sixth Legislature - Second Regular Session,HB2408
AZ2004H2409,2004 - Forty-sixth Legislature - Second Regular Session,HB2409
AZ2004H2410,2004 - Forty-sixth Legislature - Second Regular Session,HB2410
AZ2004H2414,2004 - Forty-sixth Legislature - Second Regular Session,HB2414
AZ2004H2416,2004 - Forty-sixth Legislature - Second Regular Session,HB2416
AZ2004H2430,2004 - Forty-sixth Legislature - Second Regular Session,HB2430
AZ2004H2576,2004 - Forty-sixth Legislature - Second Regular Session,HB2576
AZ2004H2577,2004 - Forty-sixth Legislature - Second Regular Session,HB2577
AZ2004H2611,2004 - Forty-sixth Legislature - Second Regular Session,HB2611
AZ2004H2636,2004 - Forty-sixth Legislature - Second Regular Session,HB2636
AZ2004H2645,2004 - Forty-sixth Legislature - Second Regular Session,HB2645
AZ2004H2656,2004 - Forty-sixth Legislature - Second Regular Session,HB2656
AZ2004H2660,2004 - Forty-sixth Legislature - Second Regular Session,HB2660
AZ2004HCM2007,2004 - Forty-sixth Legislature - Second Regular Session,HCM2007
AZ2004HCR2015,2004 - Forty-sixth Legislature - Second Regular Session,HCR2015
AZ2004S1078,2004 - Forty-sixth Legislature - Second Regular Session,SB1078
AZ2004S1151,2004 - Forty-sixth Legislature - Second Regular Session,SB1151
AZ2004S1200,2004 - Forty-sixth Legislature - Second Regular Session,SB1200
AZ2004S1244,2004 - Forty-sixth Legislature - Second Regular Session,SB1244
AZ2004S1250,2004 - Forty-sixth Legislature - Second Regular Session,SB1250
AZ2004S1287,2004 - Forty-sixth Legislature - Second Regular Session,SB1287
AZ2004S1375,2004 - Forty-sixth Legislature - Second Regular Session,SB1375
AZ2004S1393,2004 - Forty-sixth Legislature - Second Regular Session,SB1393
AZ2005H2288,2005 - Forty-seventh Legislature - First Regular Session,HB2288
AZ2005H2332,2005 - Forty-seventh Legislature - First Regular Session,HB2332
AZ2005H2334,2005 - Forty-seventh Legislature - First Regular Session,HB2334
AZ2005H2335,2005 - Forty-seventh Legislature - First Regular Session,HB2335
AZ2005H2336,2005 - Forty-seventh Legislature - First Regular Session,HB2336
AZ2005H2345,2005 - Forty-seventh Legislature - First Regular Session,HB2345
AZ2005H2346,2005 - Forty-seventh Legislature - First Regular Session,HB2346
AZ2005H2348,2005 - Forty-seventh Legislature - First Regular Session,HB2348
AZ2005H2399,2005 - Forty-seventh Legislature - First Regular Session,HB2399
AZ2005H2491,2005 - Forty-seventh Legislature - First Regular Session,HB2491
AZ2005H2493,2005 - Forty-seventh Legislature - First Regular Session,HB2493
AZ2005H2495,2005 - Forty-seventh Legislature - First Regular Session,HB2495
AZ2005H2658,2005 - Forty-seventh Legislature - First Regular Session,HB2658
AZ2005H2675,2005 - Forty-seventh Legislature - First Regular Session,HB2675
AZ2005H2693,2005 - Forty-seventh Legislature - First Regular Session,HB2693
AZ2005HCR2008,2005 - Forty-seventh Legislature - First Regular Session,HCR2008
AZ2005S1053,2005 - Forty-seventh Legislature - First Regular Session,SB1053
AZ2005S1078,2005 - Forty-seventh Legislature - First Regular Session,SB1078
AZ2005S1118,2005 - Forty-seventh Legislature - First Regular Session,SB1118
AZ2005S1186,2005 - Forty-seventh Legislature - First Regular Session,SB1186
AZ2005S1205,2005 - Forty-seventh Legislature - First Regular Session,SB1205
AZ2005S1218,2005 - Forty-seventh Legislature - First Regular Session,SB1218
AZ2005S1244,2005 - Forty-seventh Legislature - First Regular Session,SB1244
AZ2005S1258,2005 - Forty-seventh Legislature - First Regular Session,SB1258
AZ2005S1259,2005 - Forty-seventh Legislature - First Regular Session,SB1259
AZ2005S1300,2005 - Forty-seventh Legislature - First Regular Session,SB1300
AZ2005S1342,2005 - Forty-seventh Legislature - First Regular Session,SB1342
AZ2005S1344,2005 - Forty-seventh Legislature - First Regular Session,SB1344
AZ2005S1469,2005 - Forty-seventh Legislature - First Regular Session,SB1469
AZ2005S1509,2005 - Forty-seventh Legislature - First Regular Session,SB1509
AZ2006H2013,2006 - Forty-seventh Legislature - Second Regular Session,HB2013
AZ2006H2078,2006 - Forty-seventh Legislature - Second Regular Session,HB2078
AZ2006H2155,2006 - Forty-seventh Legislature - Second Regular Session,HB2155
AZ2006H2250,2006 - Forty-seventh Legislature - Second Regular Session,HB2250
AZ2006H2297,2006 - Forty-seventh Legislature - Second Regular Session,HB2297
AZ2006H2491,2006 - Forty-seventh Legislature - Second Regular Session,HB2491
AZ2006H2492,2006 - Forty-seventh Legislature - Second Regular Session,HB2492
AZ2006H2528,2006 - Forty-seventh Legislature - Second Regular Session,HB2528
AZ2006H2529,2006 - Forty-seventh Legislature - Second Regular Session,HB2529
AZ2006H2530,2006 - Forty-seventh Legislature - Second Regular Session,HB2530
AZ2006H2533,2006 - Forty-seventh Legislature - Second Regular Session,HB2533
AZ2006H2534,2006 - Forty-seventh Legislature - Second Regular Session,HB2534
AZ2006H2537,2006 - Forty-seventh Legislature - Second Regular Session,HB2537
AZ2006H2538,2006 - Forty-seventh Legislature - Second Regular Session,HB2538
AZ2006H2539,2006 - Forty-seventh Legislature - Second Regular Session,HB2539
AZ2006H2540,2006 - Forty-seventh Legislature - Second Regular Session,HB2540
AZ2006H2635,2006 - Forty-seventh Legislature - Second Regular Session,HB2635
AZ2006H2638,2006 - Forty-seventh Legislature - Second Regular Session,HB2638
AZ2006H2718,2006 - Forty-seventh Legislature - Second Regular Session,HB2718
AZ2006H2829,2006 - Forty-seventh Legislature - Second Regular Session,HB2829
AZ2006H2859,2006 - Forty-seventh Legislature - Second Regular Session,HB2859
AZ2006S1037,2006 - Forty-seventh Legislature - Second Regular Session,SB1037
AZ2006S1041,2006 - Forty-seventh Legislature - Second Regular Session,SB1041
AZ2006S1101,2006 - Forty-seventh Legislature - Second Regular Session,SB1101
AZ2006S1106,2006 - Forty-seventh Legislature - Second Regular Session,SB1106
AZ2006S1108,2006 - Forty-seventh Legislature - Second Regular Session,SB1108
AZ2006S1114,2006 - Forty-seventh Legislature - Second Regular Session,SB1114
AZ2006S1117,2006 - Forty-seventh Legislature - Second Regular Session,SB1117
AZ2006S1231,2006 - Forty-seventh Legislature - Second Regular Session,SB1231
AZ2006S1366,2006 - Forty-seventh Legislature - Second Regular Session,SB1366
AZ2006S1387,2006 - Forty-seventh Legislature - Second Regular Session,SB1387
AZ2006S1395,2006 - Forty-seventh Legislature - Second Regular Session,SB1395
AZ2006S1474,2006 - Forty-seventh Legislature - Second Regular Session,SB1474
AZ2006S1498,2006 - Forty-seventh Legislature - Second Regular Session,SB1498
AZ2006S1557,2006 - Forty-seventh Legislature - Second Regular Session,SB1557
AZ2007H2055,2007 - Forty-eighth Legislature - First Regular Session,HB2055
AZ2007H2059,2007 - Forty-eighth Legislature - First Regular Session,HB2059
AZ2007H2060,2007 - Forty-eighth Legislature - First Regular Session,HB2060
AZ2007H2061,2007 - Forty-eighth Legislature - First Regular Session,HB2061
AZ2007H2062,2007 - Forty-eighth Legislature - First Regular Session,HB2062
AZ2007H2090,2007 - Forty-eighth Legislature - First Regular Session,HB2090
AZ2007H2106,2007 - Forty-eighth Legislature - First Regular Session,HB2106
AZ2007H2205,2007 - Forty-eighth Legislature - First Regular Session,HB2205
AZ2007H2297,2007 - Forty-eighth Legislature - First Regular Session,HB2297
AZ2007H2403,2007 - Forty-eighth Legislature - First Regular Session,HB2403
AZ2007H2415,2007 - Forty-eighth Legislature - First Regular Session,HB2415
AZ2007H2417,2007 - Forty-eighth Legislature - First Regular Session,HB2417
AZ2007H2418,2007 - Forty-eighth Legislature - First Regular Session,HB2418
AZ2007H2430,2007 - Forty-eighth Legislature - First Regular Session,HB2430
AZ2007H2511,2007 - Forty-eighth Legislature - First Regular Session,HB2511
AZ2007S1065,2007 - Forty-eighth Legislature - First Regular Session,SB1065
AZ2007S1066,2007 - Forty-eighth Legislature - First Regular Session,SB1066
AZ2007S1211,2007 - Forty-eighth Legislature - First Regular Session,SB1211
AZ2007S1212,2007 - Forty-eighth Legislature - First Regular Session,SB1212
AZ2007S1272,2007 - Forty-eighth Legislature - First Regular Session,SB1272
AZ2007S1275,2007 - Forty-eighth Legislature - First Regular Session,SB1275
AZ2007S1276,2007 - Forty-eighth Legislature - First Regular Session,SB1276
AZ2007S1283,2007 - Forty-eighth Legislature - First Regular Session,SB1283
AZ2007S1298,2007 - Forty-eighth Legislature - First Regular Session,SB1298
AZ2007S1338,2007 - Forty-eighth Legislature - First Regular Session,SB1338
AZ2007S1343,2007 - Forty-eighth Legislature - First Regular Session,SB1343
AZ2007S1430,2007 - Forty-eighth Legislature - First Regular Session,SB1430
AZ2007S1521,2007 - Forty-eighth Legislature - First Regular Session,SB1521
AZ2007S1536,2007 - Forty-eighth Legislature - First Regular Session,SB1536
AZ2007S1623,2007 - Forty-eighth Legislature - First Regular Session,SB1623
AZ2007SCR1005,2007 - Forty-eighth Legislature - First Regular Session,SCR1005
AZ2008H2147,2008 - Forty-eighth Legislature - Second Regular Session,HB2147
AZ2008H2279,2008 - Forty-eighth Legislature - Second Regular Session,HB2279
AZ2008H2364,2008 - Forty-eighth Legislature - Second Regular Session,HB2364
AZ2008H2432,2008 - Forty-eighth Legislature - Second Regular Session,HB2432
AZ2008H2433,2008 - Forty-eighth Legislature - Second Regular Session,HB2433
AZ2008H2451,2008 - Forty-eighth Legislature - Second Regular Session,HB2451
AZ2008H2551,2008 - Forty-eighth Legislature - Second Regular Session,HB2551
AZ2008H2579,2008 - Forty-eighth Legislature - Second Regular Session,HB2579
AZ2008H2651,2008 - Forty-eighth Legislature - Second Regular Session,HB2651
AZ2008H2663,2008 - Forty-eighth Legislature - Second Regular Session,HB2663
AZ2008H2759,2008 - Forty-eighth Legislature - Second Regular Session,HB2759
AZ2008HCR2010,2008 - Forty-eighth Legislature - Second Regular Session,HCR2010
AZ2008S1015,2008 - Forty-eighth Legislature - Second Regular Session,SB1015
AZ2008S1053,2008 - Forty-eighth Legislature - Second Regular Session,SB1053
AZ2008S1059,2008 - Forty-eighth Legislature - Second Regular Session,SB1059
AZ2008S1064,2008 - Forty-eighth Legislature - Second Regular Session,SB1064
AZ2008S1188,2008 - Forty-eighth Legislature - Second Regular Session,SB1188
AZ2008S1200,2008 - Forty-eighth Legislature - Second Regular Session,SB1200
AZ2008S1211,2008 - Forty-eighth Legislature - Second Regular Session,SB1211
AZ2008S1323,2008 - Forty-eighth Legislature - Second Regular Session,SB1323
AZ2008S1370,2008 - Forty-eighth Legislature - Second Regular Session,SB1370
AZ2008S1493,2008 - Forty-eighth Legislature - Second Regular Session,SB1493
AZ2009H2182,2009 - Forty-ninth Legislature - First Regular Session,HB2182
AZ2009H2230,2009 - Forty-ninth Legislature - First Regular Session,HB2230
AZ2009H2383,2009 - Forty-ninth Legislature - First Regular Session,HB2383
AZ2009H2384,2009 - Forty-ninth Legislature - First Regular Session,HB2384
AZ2009H2511,2009 - Forty-ninth Legislature - First Regular Session,HB2511
AZ2009H2573,2009 - Forty-ninth Legislature - First Regular Session,HB2573
AZ2009H2575,2009 - Forty-ninth Legislature - First Regular Session,HB2575
AZ2009H2579,2009 - Forty-ninth Legislature - First Regular Session,HB2579
AZ2009H2627,2009 - Forty-ninth Legislature - First Regular Session,HB2627
AZ2009HCR2010,2009 - Forty-ninth Legislature - First Regular Session,HCR2010
AZ2009HCR2026,2009 - Forty-ninth Legislature - First Regular Session,HCR2026
AZ2009S1006,2009 - Forty-ninth Legislature - First Regular Session,SB1006
AZ2009S1053,2009 - Forty-ninth Legislature - First Regular Session,SB1053
AZ2009S1074,2009 - Forty-ninth Legislature - First Regular Session,SB1074
AZ2009S1091,2009 - Forty-ninth Legislature - First Regular Session,SB1091
AZ2009S1109,2009 - Forty-ninth Legislature - First Regular Session,SB1109
AZ2009S1158,2009 - Forty-ninth Legislature - First Regular Session,SB1158
AZ2009S1223,2009 - Forty-ninth Legislature - First Regular Session,SB1223
AZ2009S1343,2009 - Forty-ninth Legislature - First Regular Session,SB1343
AZ2009S1344,2009 - Forty-ninth Legislature - First Regular Session,SB1344
AZ2009SCR1026,2009 - Forty-ninth Legislature - First Regular Session,SCR1026
AZ2010H2268,2010 - Forty-ninth Legislature - Second Regular Session,HB2268
AZ2010H2269,2010 - Forty-ninth Legislature - Second Regular Session,HB2269
AZ2010H2274,2010 - Forty-ninth Legislature - Second Regular Session,HB2274
AZ2010H2275,2010 - Forty-ninth Legislature - Second Regular Session,HB2275
AZ2010H2277,2010 - Forty-ninth Legislature - Second Regular Session,HB2277
AZ2010H2278,2010 - Forty-ninth Legislature - Second Regular Session,HB2278
AZ2010H2304,2010 - Forty-ninth Legislature - Second Regular Session,HB2304
AZ2010H2427,2010 - Forty-ninth Legislature - Second Regular Session,HB2427
AZ2010H2441,2010 - Forty-ninth Legislature - Second Regular Session,HB2441
AZ2010H2530,2010 - Forty-ninth Legislature - Second Regular Session,HB2530
AZ2010H2533,2010 - Forty-ninth Legislature - Second Regular Session,HB2533
AZ2010H2638,2010 - Forty-ninth Legislature - Second Regular Session,HB2638
AZ2010H2668,2010 - Forty-ninth Legislature - Second Regular Session,HB2668
AZ2010H2690,2010 - Forty-ninth Legislature - Second Regular Session,HB2690
AZ2010H2710,2010 - Forty-ninth Legislature - Second Regular Session,HB2710
AZ2010H2729,2010 - Forty-ninth Legislature - Second Regular Session,HB2729
AZ2010H2730,2010 - Forty-ninth Legislature - Second Regular Session,HB2730
AZ2010HCR2024,2010 - Forty-ninth Legislature - Second Regular Session,HCR2024
AZ2010HCR2046,2010 - Forty-ninth Legislature - Second Regular Session,HCR2046
AZ2010HCR2060,2010 - Forty-ninth Legislature - Second Regular Session,HCR2060
AZ2010S1024,2010 - Forty-ninth Legislature - Second Regular Session,SB1024
AZ2010S1031,2010 - Forty-ninth Legislature - Second Regular Session,SB1031
AZ2010S1068,2010 - Forty-ninth Legislature - Second Regular Session,SB1068
AZ2010S1220,2010 - Forty-ninth Legislature - Second Regular Session,SB1220
AZ2010S1384,2010 - Forty-ninth Legislature - Second Regular Session,SB1384
AZ2010S1393,2010 - Forty-ninth Legislature - Second Regular Session,SB1393
AZ2010S1422,2010 - Forty-ninth Legislature - Second Regular Session,SB1422
AZ2011H2049,2011 - Fiftieth Legislature - First Regular Session,HB2049
AZ2011H2082,2011 - Fiftieth Legislature - First Regular Session,HB2082
AZ2011H2085,2011 - Fiftieth Legislature - First Regular Session,HB2085
AZ2011H2177,2011 - Fiftieth Legislature - First Regular Session,HB2177
AZ2011H2240,2011 - Fiftieth Legislature - First Regular Session,HB2240
AZ2011H2241,2011 - Fiftieth Legislature - First Regular Session,HB2241
AZ2011H2242,2011 - Fiftieth Legislature - First Regular Session,HB2242
AZ2011H2243,2011 - Fiftieth Legislature - First Regular Session,HB2243
AZ2011H2252,2011 - Fiftieth Legislature - First Regular Session,HB2252
AZ2011H2253,2011 - Fiftieth Legislature - First Regular Session,HB2253
AZ2011H2255,2011 - Fiftieth Legislature - First Regular Session,HB2255
AZ2011H2290,2011 - Fiftieth Legislature - First Regular Session,HB2290
AZ2011H2291,2011 - Fiftieth Legislature - First Regular Session,HB2291
AZ2011H2292,2011 - Fiftieth Legislature - First Regular Session,HB2292
AZ2011H2303,2011 - Fiftieth Legislature - First Regular Session,HB2303
AZ2011H2304,2011 - Fiftieth Legislature - First Regular Session,HB2304
AZ2011H2335,2011 - Fiftieth Legislature - First Regular Session,HB2335
AZ2011H2447,2011 - Fiftieth Legislature - First Regular Session,HB2447
AZ2011H2481,2011 - Fiftieth Legislature - First Regular Session,HB2481
AZ2011H2483,2011 - Fiftieth Legislature - First Regular Session,HB2483
AZ2011H2484,2011 - Fiftieth Legislature - First Regular Session,HB2484
AZ2011H2512,2011 - Fiftieth Legislature - First Regular Session,HB2512
AZ2011H2544,2011 - Fiftieth Legislature - First Regular Session,HB2544
AZ2011H2649,2011 - Fiftieth Legislature - First Regular Session,HB2649
AZ2011H2663,2011 - Fiftieth Legislature - First Regular Session,HB2663
AZ2011H2676,2011 - Fiftieth Legislature - First Regular Session,HB2676
AZ2011H2701,2011 - Fiftieth Legislature - First Regular Session,HB2701
AZ2011H2716,2011 - Fiftieth Legislature - First Regular Session,HB2716
AZ2011HCR2014,2011 - Fiftieth Legislature - First Regular Session,HCR2014
AZ2011HCR2023,2011 - Fiftieth Legislature - First Regular Session,HCR2023
AZ2011HCR2042,2011 - Fiftieth Legislature - First Regular Session,HCR2042
AZ2011HCR2044,2011 - Fiftieth Legislature - First Regular Session,HCR2044
AZ2011HCR2048,2011 - Fiftieth Legislature - First Regular Session,HCR2048
AZ2011HCR2049,2011 - Fiftieth Legislature - First Regular Session,HCR2049
AZ2011S1076,2011 - Fiftieth Legislature - First Regular Session,SB1076
AZ2011S1330,2011 - Fiftieth Legislature - First Regular Session,SB1330
AZ2011S1331,2011 - Fiftieth Legislature - First Regular Session,SB1331
AZ2011S1412,2011 - Fiftieth Legislature - First Regular Session,SB1412
AZ2011S1471,2011 - Fiftieth Legislature - First Regular Session,SB1471
AZ2011S1473,2011 - Fiftieth Legislature - First Regular Session,SB1473
AZ2011S1477,2011 - Fiftieth Legislature - First Regular Session,SB1477
AZ2011S1486,2011 - Fiftieth Legislature - First Regular Session,SB1486
AZ2011S1487,2011 - Fiftieth Legislature - First Regular Session,SB1487
AZ2011S1489,2011 - Fiftieth Legislature - First Regular Session,SB1489
AZ2011S1512,2011 - Fiftieth Legislature - First Regular Session,SB1512
AZ2011S1513,2011 - Fiftieth Legislature - First Regular Session,SB1513
AZ2011S1514,2011 - Fiftieth Legislature - First Regular Session,SB1514
AZ2011S1526,2011 - Fiftieth Legislature - First Regular Session,SB1526
AZ2012H2027,2012 - Fiftieth Legislature - Second Regular Session,HB2027
AZ2012H2043,2012 - Fiftieth Legislature - Second Regular Session,HB2043
AZ2012H2196,2012 - Fiftieth Legislature - Second Regular Session,HB2196
AZ2012H2229,2012 - Fiftieth Legislature - Second Regular Session,HB2229
AZ2012H2267,2012 - Fiftieth Legislature - Second Regular Session,HB2267
AZ2012H2320,2012 - Fiftieth Legislature - Second Regular Session,HB2320
AZ2012H2377,2012 - Fiftieth Legislature - Second Regular Session,HB2377
AZ2012H2379,2012 - Fiftieth Legislature - Second Regular Session,HB2379
AZ2012H2422,2012 - Fiftieth Legislature - Second Regular Session,HB2422
AZ2012H2480,2012 - Fiftieth Legislature - Second Regular Session,HB2480
AZ2012H2485,2012 - Fiftieth Legislature - Second Regular Session,HB2485
AZ2012H2490,2012 - Fiftieth Legislature - Second Regular Session,HB2490
AZ2012H2552,2012 - Fiftieth Legislature - Second Regular Session,HB2552
AZ2012H2579,2012 - Fiftieth Legislature - Second Regular Session,HB2579
AZ2012H2650,2012 - Fiftieth Legislature - Second Regular Session,HB2650
AZ2012H2718,2012 - Fiftieth Legislature - Second Regular Session,HB2718
AZ2012H2722,2012 - Fiftieth Legislature - Second Regular Session,HB2722
AZ2012H2763,2012 - Fiftieth Legislature - Second Regular Session,HB2763
AZ2012H2818,2012 - Fiftieth Legislature - Second Regular Session,HB2818
AZ2012H2826,2012 - Fiftieth Legislature - Second Regular Session,HB2826
AZ2012H2847,2012 - Fiftieth Legislature - Second Regular Session,HB2847
AZ2012HCR2026,2012 - Fiftieth Legislature - Second Regular Session,HCR2026
AZ2012HCR2050,2012 - Fiftieth Legislature - Second Regular Session,HCR2050
AZ2012S1031,2012 - Fiftieth Legislature - Second Regular Session,SB1031
AZ2012S1048,2012 - Fiftieth Legislature - Second Regular Session,SB1048
AZ2012S1094,2012 - Fiftieth Legislature - Second Regular Session,SB1094
AZ2012S1095,2012 - Fiftieth Legislature - Second Regular Session,SB1095
AZ2012S1097,2012 - Fiftieth Legislature - Second Regular Session,SB1097
AZ2012S1137,2012 - Fiftieth Legislature - Second Regular Session,SB1137
AZ2012S1158,2012 - Fiftieth Legislature - Second Regular Session,SB1158
AZ2012S1230,2012 - Fiftieth Legislature - Second Regular Session,SB1230
AZ2012S1363,2012 - Fiftieth Legislature - Second Regular Session,SB1363
AZ2012S1425,2012 - Fiftieth Legislature - Second Regular Session,SB1425
AZ2012S1428,2012 - Fiftieth Legislature - Second Regular Session,SB1428
AZ2012S1429,2012 - Fiftieth Legislature - Second Regular Session,SB1429
AZ2012S1481,2012 - Fiftieth Legislature - Second Regular Session,SB1481
AZ2012S1512,2012 - Fiftieth Legislature - Second Regular Session,SB1512
AZ2013H2017,2013 - Fifty-first Legislature - First Regular Session,HB2017
AZ2013H2035,2013 - Fifty-first Legislature - First Regular Session,HB2035
AZ2013H2146,2013 - Fifty-first Legislature - First Regular Session,HB2146
AZ2013H2157,2013 - Fifty-first Legislature - First Regular Session,HB2157
AZ2013H2160,2013 - Fifty-first Legislature - First Regular Session,HB2160
AZ2013H2286,2013 - Fifty-first Legislature - First Regular Session,HB2286
AZ2013H2287,2013 - Fifty-first Legislature - First Regular Session,HB2287
AZ2013H2305,2013 - Fifty-first Legislature - First Regular Session,HB2305
AZ2013H2313,2013 - Fifty-first Legislature - First Regular Session,HB2313
AZ2013H2350,2013 - Fifty-first Legislature - First Regular Session,HB2350
AZ2013H2353,2013 - Fifty-first Legislature - First Regular Session,HB2353
AZ2013H2367,2013 - Fifty-first Legislature - First Regular Session,HB2367
AZ2013H2368,2013 - Fifty-first Legislature - First Regular Session,HB2368
AZ2013H2369,2013 - Fifty-first Legislature - First Regular Session,HB2369
AZ2013H2410,2013 - Fifty-first Legislature - First Regular Session,HB2410
AZ2013H2412,2013 - Fifty-first Legislature - First Regular Session,HB2412
AZ2013H2475,2013 - Fifty-first Legislature - First Regular Session,HB2475
AZ2013H2518,2013 - Fifty-first Legislature - First Regular Session,HB2518
AZ2013H2568,2013 - Fifty-first Legislature - First Regular Session,HB2568
AZ2013HCR2008,2013 - Fifty-first Legislature - First Regular Session,HCR2008
AZ2013HCR2010,2013 - Fifty-first Legislature - First Regular Session,HCR2010
AZ2013HCR2013,2013 - Fifty-first Legislature - First Regular Session,HCR2013
AZ2013S1003,2013 - Fifty-first Legislature - First Regular Session,SB1003
AZ2013S1033,2013 - Fifty-first Legislature - First Regular Session,SB1033
AZ2013S1042,2013 - Fifty-first Legislature - First Regular Session,SB1042
AZ2013S1186,2013 - Fifty-first Legislature - First Regular Session,SB1186
AZ2013S1196,2013 - Fifty-first Legislature - First Regular Session,SB1196
AZ2013S1248,2013 - Fifty-first Legislature - First Regular Session,SB1248
AZ2013S1256,2013 - Fifty-first Legislature - First Regular Session,SB1256
AZ2013S1261,2013 - Fifty-first Legislature - First Regular Session,SB1261
AZ2013S1274,2013 - Fifty-first Legislature - First Regular Session,SB1274
AZ2013S1275,2013 - Fifty-first Legislature - First Regular Session,SB1275
AZ2013S1276,2013 - Fifty-first Legislature - First Regular Session,SB1276
AZ2013S1326,2013 - Fifty-first Legislature - First Regular Session,SB1326
AZ2013S1335,2013 - Fifty-first Legislature - First Regular Session,SB1335
AZ2013S1387,2013 - Fifty-first Legislature - First Regular Session,SB1387
AZ2013S1388,2013 - Fifty-first Legislature - First Regular Session,SB1388
AZ2013S1416,2013 - Fifty-first Legislature - First Regular Session,SB1416
AZ2013S1418,2013 - Fifty-first Legislature - First Regular Session,SB1418
AZ2013S1458,2013 - Fifty-first Legislature - First Regular Session,SB1458
AZ2013S1481,2013 - Fifty-first Legislature - First Regular Session,SB1481
AZ2014H2064,2014 - Fifty-first Legislature - Second Regular Session,HB2064
AZ2014H2065,2014 - Fifty-first Legislature - Second Regular Session,HB2065
AZ2014H2066,2014 - Fifty-first Legislature - Second Regular Session,HB2066
AZ2014H2067,2014 - Fifty-first Legislature - Second Regular Session,HB2067
AZ2014H2132,2014 - Fifty-first Legislature - Second Regular Session,HB2132
AZ2014H2155,2014 - Fifty-first Legislature - Second Regular Session,HB2155
AZ2014H2194,2014 - Fifty-first Legislature - Second Regular Session,HB2194
AZ2014H2246,2014 - Fifty-first Legislature - Second Regular Session,HB2246
AZ2014H2277,2014 - Fifty-first Legislature - Second Regular Session,HB2277
AZ2014H2301,2014 - Fifty-first Legislature - Second Regular Session,HB2301
AZ2014H2364,2014 - Fifty-first Legislature - Second Regular Session,HB2364
AZ2014H2424,2014 - Fifty-first Legislature - Second Regular Session,HB2424
AZ2014H2445,2014 - Fifty-first Legislature - Second Regular Session,HB2445
AZ2014H2596,2014 - Fifty-first Legislature - Second Regular Session,HB2596
AZ2014H2656,2014 - Fifty-first Legislature - Second Regular Session,HB2656
AZ2014H2657,2014 - Fifty-first Legislature - Second Regular Session,HB2657
AZ2014H2658,2014 - Fifty-first Legislature - Second Regular Session,HB2658
AZ2014H2681,2014 - Fifty-first Legislature - Second Regular Session,HB2681
AZ2014H2686,2014 - Fifty-first Legislature - Second Regular Session,HB2686
AZ2014HCR2011,2014 - Fifty-first Legislature - Second Regular Session,HCR2011
AZ2014HCR2031,2014 - Fifty-first Legislature - Second Regular Session,HCR2031
AZ2014S1125,2014 - Fifty-first Legislature - Second Regular Session,SB1125
AZ2014S1130,2014 - Fifty-first Legislature - Second Regular Session,SB1130
AZ2014S1186,2014 - Fifty-first Legislature - Second Regular Session,SB1186
AZ2014S1189,2014 - Fifty-first Legislature - Second Regular Session,SB1189
AZ2014S1254,2014 - Fifty-first Legislature - Second Regular Session,SB1254
AZ2014S1270,2014 - Fifty-first Legislature - Second Regular Session,SB1270
AZ2014S1419,2014 - Fifty-first Legislature - Second Regular Session,SB1419
AZ2014S1420,2014 - Fifty-first Legislature - Second Regular Session,SB1420
AZ2014S1421,2014 - Fifty-first Legislature - Second Regular Session,SB1421
AZ2014S1423,2014 - Fifty-first Legislature - Second Regular Session,SB1423
AZ2014S1424,2014 - Fifty-first Legislature - Second Regular Session,SB1424
AZ2014S1425,2014 - Fifty-first Legislature - Second Regular Session,SB1425
AZ2014S1426,2014 - Fifty-first Legislature - Second Regular Session,SB1426
AZ2014S1427,2014 - Fifty-first Legislature - Second Regular Session,SB1427
AZ2014S1429,2014 - Fifty-first Legislature - Second Regular Session,SB1429
AZ2014S1430,2014 - Fifty-first Legislature - Second Regular Session,SB1430
AZ2014S1433,2014 - Fifty-first Legislature - Second Regular Session,SB1433
AZ1995H2020,1995 - Forty-second Legislature - First Regular Session,HB2020
AZ1995H2024,1995 - Forty-second Legislature - First Regular Session,HB2024
AZ1995H2052,1995 - Forty-second Legislature - First Regular Session,HB2052
AZ1995H2108,1995 - Forty-second Legislature - First Regular Session,HB2108
AZ1995H2135,1995 - Forty-second Legislature - First Regular Session,HB2135
AZ1995H2158,1995 - Forty-second Legislature - First Regular Session,HB2158
AZ1995H2163,1995 - Forty-second Legislature - First Regular Session,HB2163
AZ1995H2241,1995 - Forty-second Legislature - First Regular Session,HB2241
AZ1995H2285,1995 - Forty-second Legislature - First Regular Session,HB2285
AZ1995H2297,1995 - Forty-second Legislature - First Regular Session,HB2297
AZ1995H2335,1995 - Forty-second Legislature - First Regular Session,HB2335
AZ1995H2337,1995 - Forty-second Legislature - First Regular Session,HB2337
AZ1995H2370,1995 - Forty-second Legislature - First Regular Session,HB2370
AZ1995H2481,1995 - Forty-second Legislature - First Regular Session,HB2481
AZ1995HCR2001,1995 - Forty-second Legislature - First Regular Session,HCR2001
AZ1995HCR2002,1995 - Forty-second Legislature - First Regular Session,HCR2002
AZ1995HCR2003,1995 - Forty-second Legislature - First Regular Session,HCR2003
AZ1995HCR2005,1995 - Forty-second Legislature - First Regular Session,HCR2005
AZ1995HCR2006,1995 - Forty-second Legislature - First Regular Session,HCR2006
AZ1995HCR2007,1995 - Forty-second Legislature - First Regular Session,HCR2007
AZ1995HCR2008,1995 - Forty-second Legislature - First Regular Session,HCR2008
AZ1995HCR2010,1995 - Forty-second Legislature - First Regular Session,HCR2010
AZ1995HCR2011,1995 - Forty-second Legislature - First Regular Session,HCR2011
AZ1995HCR2014,1995 - Forty-second Legislature - First Regular Session,HCR2014
AZ1995HCR2018,1995 - Forty-second Legislature - First Regular Session,HCR2018
AZ1995HCR2019,1995 - Forty-second Legislature - First Regular Session,HCR2019
AZ1995HCR2022,1995 - Forty-second Legislature - First Regular Session,HCR2022
AZ1995HCR2023,1995 - Forty-second Legislature - First Regular Session,HCR2023
AZ1995HCR2024,1995 - Forty-second Legislature - First Regular Session,HCR2024
AZ1995S1059,1995 - Forty-second Legislature - First Regular Session,SB1059
AZ1995S1088,1995 - Forty-second Legislature - First Regular Session,SB1088
AZ1995S1095,1995 - Forty-second Legislature - First Regular Session,SB1095
AZ1995S1096,1995 - Forty-second Legislature - First Regular Session,SB1096
AZ1995S1138,1995 - Forty-second Legislature - First Regular Session,SB1138
AZ1995S1142,1995 - Forty-second Legislature - First Regular Session,SB1142
AZ1995S1157,1995 - Forty-second Legislature - First Regular Session,SB1157
AZ1995S1164,1995 - Forty-second Legislature - First Regular Session,SB1164
AZ1995S1203,1995 - Forty-second Legislature - First Regular Session,SB1203
AZ1995S1210,1995 - Forty-second Legislature - First Regular Session,SB1210
AZ1995S1213,1995 - Forty-second Legislature - First Regular Session,SB1213
AZ1995S1244,1995 - Forty-second Legislature - First Regular Session,SB1244
AZ1995S1245,1995 - Forty-second Legislature - First Regular Session,SB1245
AZ1995S1255,1995 - Forty-second Legislature - First Regular Session,SB1255
AZ1995S1263,1995 - Forty-second Legislature - First Regular Session,SB1263
AZ1995S1266,1995 - Forty-second Legislature - First Regular Session,SB1266
AZ1995S1278,1995 - Forty-second Legislature - First Regular Session,SB1278
AZ1995SCR1004,1995 - Forty-second Legislature - First Regular Session,SCR1004
AZ1995SCR1005,1995 - Forty-second Legislature - First Regular Session,SCR1005
AZ1995SCR1007,1995 - Forty-second Legislature - First Regular Session,SCR1007
AZ1995SCR1011,1995 - Forty-second Legislature - First Regular Session,SCR1011
AZ1995S1006,1995 - Forty-second Legislature - First Special Session,SB1006
AZ1995H2005,1995 - Forty-second Legislature - Fourth Special Session,HB2005
AZ1995S1005,1995 - Forty-second Legislature - Fourth Special Session,SB1005
AZ1996H2167,1996 - Forty-second Legislature - Second Regular Session,HB2167
AZ1996H2181,1996 - Forty-second Legislature - Second Regular Session,HB2181
AZ1996H2183,1996 - Forty-second Legislature - Second Regular Session,HB2183
AZ1996H2208,1996 - Forty-second Legislature - Second Regular Session,HB2208
AZ1996H2241,1996 - Forty-second Legislature - Second Regular Session,HB2241
AZ1996H2255,1996 - Forty-second Legislature - Second Regular Session,HB2255
AZ1996H2259,1996 - Forty-second Legislature - Second Regular Session,HB2259
AZ1996H2271,1996 - Forty-second Legislature - Second Regular Session,HB2271
AZ1996H2303,1996 - Forty-second Legislature - Second Regular Session,HB2303
AZ1996H2329,1996 - Forty-second Legislature - Second Regular Session,HB2329
AZ1996H2365,1996 - Forty-second Legislature - Second Regular Session,HB2365
AZ1996H2398,1996 - Forty-second Legislature - Second Regular Session,HB2398
AZ1996H2417,1996 - Forty-second Legislature - Second Regular Session,HB2417
AZ1996H2425,1996 - Forty-second Legislature - Second Regular Session,HB2425
AZ1996H2429,1996 - Forty-second Legislature - Second Regular Session,HB2429
AZ1996H2433,1996 - Forty-second Legislature - Second Regular Session,HB2433
AZ1996H2452,1996 - Forty-second Legislature - Second Regular Session,HB2452
AZ1996H2500,1996 - Forty-second Legislature - Second Regular Session,HB2500
AZ1996HCR2002,1996 - Forty-second Legislature - Second Regular Session,HCR2002
AZ1996HCR2003,1996 - Forty-second Legislature - Second Regular Session,HCR2003
AZ1996HCR2005,1996 - Forty-second Legislature - Second Regular Session,HCR2005
AZ1996HCR2006,1996 - Forty-second Legislature - Second Regular Session,HCR2006
AZ1996HCR2007,1996 - Forty-second Legislature - Second Regular Session,HCR2007
AZ1996HCR2008,1996 - Forty-second Legislature - Second Regular Session,HCR2008
AZ1996HCR2009,1996 - Forty-second Legislature - Second Regular Session,HCR2009
AZ1996HCR2010,1996 - Forty-second Legislature - Second Regular Session,HCR2010
AZ1996HCR2013,1996 - Forty-second Legislature - Second Regular Session,HCR2013
AZ1996HCR2014,1996 - Forty-second Legislature - Second Regular Session,HCR2014
AZ1996HCR2016,1996 - Forty-second Legislature - Second Regular Session,HCR2016
AZ1996HCR2018,1996 - Forty-second Legislature - Second Regular Session,HCR2018
AZ1996HCR2020,1996 - Forty-second Legislature - Second Regular Session,HCR2020
AZ1996HCR2021,1996 - Forty-second Legislature - Second Regular Session,HCR2021
AZ1996HCR2023,1996 - Forty-second Legislature - Second Regular Session,HCR2023
AZ1996HCR2024,1996 - Forty-second Legislature - Second Regular Session,HCR2024
AZ1996HCR2025,1996 - Forty-second Legislature - Second Regular Session,HCR2025
AZ1996HCR2027,1996 - Forty-second Legislature - Second Regular Session,HCR2027
AZ1996HCR2028,1996 - Forty-second Legislature - Second Regular Session,HCR2028
AZ1996HCR2029,1996 - Forty-second Legislature - Second Regular Session,HCR2029
AZ1996HCR2030,1996 - Forty-second Legislature - Second Regular Session,HCR2030
AZ1996HCR2031,1996 - Forty-second Legislature - Second Regular Session,HCR2031
AZ1996S1014,1996 - Forty-second Legislature - Second Regular Session,SB1014
AZ1996S1037,1996 - Forty-second Legislature - Second Regular Session,SB1037
AZ1996S1042,1996 - Forty-second Legislature - Second Regular Session,SB1042
AZ1996S1081,1996 - Forty-second Legislature - Second Regular Session,SB1081
AZ1996S1083,1996 - Forty-second Legislature - Second Regular Session,SB1083
AZ1996S1104,1996 - Forty-second Legislature - Second Regular Session,SB1104
AZ1996S1118,1996 - Forty-second Legislature - Second Regular Session,SB1118
AZ1996S1210,1996 - Forty-second Legislature - Second Regular Session,SB1210
AZ1996S1247,1996 - Forty-second Legislature - Second Regular Session,SB1247
AZ1996S1250,1996 - Forty-second Legislature - Second Regular Session,SB1250
AZ1996S1345,1996 - Forty-second Legislature - Second Regular Session,SB1345
AZ1996S1354,1996 - Forty-second Legislature - Second Regular Session,SB1354
AZ1996S1407,1996 - Forty-second Legislature - Second Regular Session,SB1407
AZ1996S1424,1996 - Forty-second Legislature - Second Regular Session,SB1424
AZ1996SCR1006,1996 - Forty-second Legislature - Second Regular Session,SCR1006
AZ1996SCR1015,1996 - Forty-second Legislature - Second Regular Session,SCR1015
AZ1996SCR1016,1996 - Forty-second Legislature - Second Regular Session,SCR1016
AZ1997H2001,1997 - Forty-third Legislature - First Regular Session,HB2001
AZ1997H2019,1997 - Forty-third Legislature - First Regular Session,HB2019
AZ1997H2113,1997 - Forty-third Legislature - First Regular Session,HB2113
AZ1997H2117,1997 - Forty-third Legislature - First Regular Session,HB2117
AZ1997H2119,1997 - Forty-third Legislature - First Regular Session,HB2119
AZ1997H2162,1997 - Forty-third Legislature - First Regular Session,HB2162
AZ1997H2168,1997 - Forty-third Legislature - First Regular Session,HB2168
AZ1997H2207,1997 - Forty-third Legislature - First Regular Session,HB2207
AZ1997H2246,1997 - Forty-third Legislature - First Regular Session,HB2246
AZ1997H2311,1997 - Forty-third Legislature - First Regular Session,HB2311
AZ1997H2320,1997 - Forty-third Legislature - First Regular Session,HB2320
AZ1997H2351,1997 - Forty-third Legislature - First Regular Session,HB2351
AZ1997H2461,1997 - Forty-third Legislature - First Regular Session,HB2461
AZ1997H2523,1997 - Forty-third Legislature - First Regular Session,HB2523
AZ1997H2550,1997 - Forty-third Legislature - First Regular Session,HB2550
AZ1997H2555,1997 - Forty-third Legislature - First Regular Session,HB2555
AZ1997HCR2001,1997 - Forty-third Legislature - First Regular Session,HCR2001
AZ1997HCR2003,1997 - Forty-third Legislature - First Regular Session,HCR2003
AZ1997HCR2004,1997 - Forty-third Legislature - First Regular Session,HCR2004
AZ1997HCR2005,1997 - Forty-third Legislature - First Regular Session,HCR2005
AZ1997HCR2006,1997 - Forty-third Legislature - First Regular Session,HCR2006
AZ1997HCR2007,1997 - Forty-third Legislature - First Regular Session,HCR2007
AZ1997HCR2008,1997 - Forty-third Legislature - First Regular Session,HCR2008
AZ1997HCR2009,1997 - Forty-third Legislature - First Regular Session,HCR2009
AZ1997HCR2010,1997 - Forty-third Legislature - First Regular Session,HCR2010
AZ1997HCR2011,1997 - Forty-third Legislature - First Regular Session,HCR2011
AZ1997HCR2013,1997 - Forty-third Legislature - First Regular Session,HCR2013
AZ1997HCR2014,1997 - Forty-third Legislature - First Regular Session,HCR2014
AZ1997HCR2015,1997 - Forty-third Legislature - First Regular Session,HCR2015
AZ1997HCR2016,1997 - Forty-third Legislature - First Regular Session,HCR2016
AZ1997HCR2017,1997 - Forty-third Legislature - First Regular Session,HCR2017
AZ1997HCR2018,1997 - Forty-third Legislature - First Regular Session,HCR2018
AZ1997HCR2019,1997 - Forty-third Legislature - First Regular Session,HCR2019
AZ1997HCR2020,1997 - Forty-third Legislature - First Regular Session,HCR2020
AZ1997HCR2021,1997 - Forty-third Legislature - First Regular Session,HCR2021
AZ1997HCR2022,1997 - Forty-third Legislature - First Regular Session,HCR2022
AZ1997HCR2023,1997 - Forty-third Legislature - First Regular Session,HCR2023
AZ1997HCR2024,1997 - Forty-third Legislature - First Regular Session,HCR2024
AZ1997HCR2025,1997 - Forty-third Legislature - First Regular Session,HCR2025
AZ1997HCR2026,1997 - Forty-third Legislature - First Regular Session,HCR2026
AZ1997HCR2027,1997 - Forty-third Legislature - First Regular Session,HCR2027
AZ1997HCR2029,1997 - Forty-third Legislature - First Regular Session,HCR2029
AZ1997HCR2030,1997 - Forty-third Legislature - First Regular Session,HCR2030
AZ1997S1039,1997 - Forty-third Legislature - First Regular Session,SB1039
AZ1997S1049,1997 - Forty-third Legislature - First Regular Session,SB1049
AZ1997S1124,1997 - Forty-third Legislature - First Regular Session,SB1124
AZ1997S1146,1997 - Forty-third Legislature - First Regular Session,SB1146
AZ1997S1148,1997 - Forty-third Legislature - First Regular Session,SB1148
AZ1997S1150,1997 - Forty-third Legislature - First Regular Session,SB1150
AZ1997S1188,1997 - Forty-third Legislature - First Regular Session,SB1188
AZ1997S1209,1997 - Forty-third Legislature - First Regular Session,SB1209
AZ1997S1237,1997 - Forty-third Legislature - First Regular Session,SB1237
AZ1997S1238,1997 - Forty-third Legislature - First Regular Session,SB1238
AZ1997S1265,1997 - Forty-third Legislature - First Regular Session,SB1265
AZ1997S1280,1997 - Forty-third Legislature - First Regular Session,SB1280
AZ1997S1283,1997 - Forty-third Legislature - First Regular Session,SB1283
AZ1997S1284,1997 - Forty-third Legislature - First Regular Session,SB1284
AZ1997S1285,1997 - Forty-third Legislature - First Regular Session,SB1285
AZ1997S1380,1997 - Forty-third Legislature - First Regular Session,SB1380
AZ1997S1415,1997 - Forty-third Legislature - First Regular Session,SB1415
AZ1997S1454,1997 - Forty-third Legislature - First Regular Session,SB1454
AZ1997S1460,1997 - Forty-third Legislature - First Regular Session,SB1460
AZ1997SCR1001,1997 - Forty-third Legislature - First Regular Session,SCR1001
AZ1997SCR1002,1997 - Forty-third Legislature - First Regular Session,SCR1002
AZ1997SCR1003,1997 - Forty-third Legislature - First Regular Session,SCR1003
AZ1997SCR1004,1997 - Forty-third Legislature - First Regular Session,SCR1004
AZ1997SCR1005,1997 - Forty-third Legislature - First Regular Session,SCR1005
AZ1997SCR1007,1997 - Forty-third Legislature - First Regular Session,SCR1007
AZ1997SCR1008,1997 - Forty-third Legislature - First Regular Session,SCR1008
AZ1997SCR1009,1997 - Forty-third Legislature - First Regular Session,SCR1009
AZ1997SCR1010,1997 - Forty-third Legislature - First Regular Session,SCR1010
AZ1997SCR1012,1997 - Forty-third Legislature - First Regular Session,SCR1012
AZ1997SCR1013,1997 - Forty-third Legislature - First Regular Session,SCR1013
AZ1997SCR1014,1997 - Forty-third Legislature - First Regular Session,SCR1014
AZ1997SCR1015,1997 - Forty-third Legislature - First Regular Session,SCR1015
AZ1997SCR1016,1997 - Forty-third Legislature - First Regular Session,SCR1016
AZ1997SCR1017,1997 - Forty-third Legislature - First Regular Session,SCR1017
AZ1997SCR1019,1997 - Forty-third Legislature - First Regular Session,SCR1019
AZ1997SCR1020,1997 - Forty-third Legislature - First Regular Session,SCR1020
AZ1997SCR1021,1997 - Forty-third Legislature - First Regular Session,SCR1021
AZ1997SCR1022,1997 - Forty-third Legislature - First Regular Session,SCR1022
AZ1997SCR1023,1997 - Forty-third Legislature - First Regular Session,SCR1023
AZ1997SCR1024,1997 - Forty-third Legislature - First Regular Session,SCR1024
AZ1997H2004,1997 - Forty-third Legislature - Second Special Session,HB2004
AZ1997S1003,1997 - Forty-third Legislature - Second Special Session,SB1003
AZ1998H2004,1998 - Forty-third Legislature - Second Regular Session,HB2004
AZ1998H2019,1998 - Forty-third Legislature - Second Regular Session,HB2019
AZ1998H2020,1998 - Forty-third Legislature - Second Regular Session,HB2020
AZ1998H2028,1998 - Forty-third Legislature - Second Regular Session,HB2028
AZ1998H2041,1998 - Forty-third Legislature - Second Regular Session,HB2041
AZ1998H2045,1998 - Forty-third Legislature - Second Regular Session,HB2045
AZ1998H2052,1998 - Forty-third Legislature - Second Regular Session,HB2052
AZ1998H2087,1998 - Forty-third Legislature - Second Regular Session,HB2087
AZ1998H2150,1998 - Forty-third Legislature - Second Regular Session,HB2150
AZ1998H2158,1998 - Forty-third Legislature - Second Regular Session,HB2158
AZ1998H2172,1998 - Forty-third Legislature - Second Regular Session,HB2172
AZ1998H2184,1998 - Forty-third Legislature - Second Regular Session,HB2184
AZ1998H2186,1998 - Forty-third Legislature - Second Regular Session,HB2186
AZ1998H2212,1998 - Forty-third Legislature - Second Regular Session,HB2212
AZ1998H2256,1998 - Forty-third Legislature - Second Regular Session,HB2256
AZ1998H2257,1998 - Forty-third Legislature - Second Regular Session,HB2257
AZ1998H2283,1998 - Forty-third Legislature - Second Regular Session,HB2283
AZ1998H2324,1998 - Forty-third Legislature - Second Regular Session,HB2324
AZ1998H2336,1998 - Forty-third Legislature - Second Regular Session,HB2336
AZ1998H2341,1998 - Forty-third Legislature - Second Regular Session,HB2341
AZ1998H2386,1998 - Forty-third Legislature - Second Regular Session,HB2386
AZ1998H2392,1998 - Forty-third Legislature - Second Regular Session,HB2392
AZ1998H2412,1998 - Forty-third Legislature - Second Regular Session,HB2412
AZ1998H2418,1998 - Forty-third Legislature - Second Regular Session,HB2418
AZ1998H2425,1998 - Forty-third Legislature - Second Regular Session,HB2425
AZ1998H2454,1998 - Forty-third Legislature - Second Regular Session,HB2454
AZ1998H2478,1998 - Forty-third Legislature - Second Regular Session,HB2478
AZ1998H2491,1998 - Forty-third Legislature - Second Regular Session,HB2491
AZ1998H2493,1998 - Forty-third Legislature - Second Regular Session,HB2493
AZ1998H2564,1998 - Forty-third Legislature - Second Regular Session,HB2564
AZ1998H2588,1998 - Forty-third Legislature - Second Regular Session,HB2588
AZ1998H2630,1998 - Forty-third Legislature - Second Regular Session,HB2630
AZ1998H2688,1998 - Forty-third Legislature - Second Regular Session,HB2688
AZ1998HCR2002,1998 - Forty-third Legislature - Second Regular Session,HCR2002
AZ1998HCR2003,1998 - Forty-third Legislature - Second Regular Session,HCR2003
AZ1998HCR2004,1998 - Forty-third Legislature - Second Regular Session,HCR2004
AZ1998HCR2006,1998 - Forty-third Legislature - Second Regular Session,HCR2006
AZ1998HCR2007,1998 - Forty-third Legislature - Second Regular Session,HCR2007
AZ1998HCR2008,1998 - Forty-third Legislature - Second Regular Session,HCR2008
AZ1998HCR2009,1998 - Forty-third Legislature - Second Regular Session,HCR2009
AZ1998HCR2010,1998 - Forty-third Legislature - Second Regular Session,HCR2010
AZ1998HCR2012,1998 - Forty-third Legislature - Second Regular Session,HCR2012
AZ1998HCR2013,1998 - Forty-third Legislature - Second Regular Session,HCR2013
AZ1998HCR2014,1998 - Forty-third Legislature - Second Regular Session,HCR2014
AZ1998HCR2015,1998 - Forty-third Legislature - Second Regular Session,HCR2015
AZ1998HCR2016,1998 - Forty-third Legislature - Second Regular Session,HCR2016
AZ1998HCR2017,1998 - Forty-third Legislature - Second Regular Session,HCR2017
AZ1998HCR2018,1998 - Forty-third Legislature - Second Regular Session,HCR2018
AZ1998HCR2019,1998 - Forty-third Legislature - Second Regular Session,HCR2019
AZ1998HCR2020,1998 - Forty-third Legislature - Second Regular Session,HCR2020
AZ1998HCR2025,1998 - Forty-third Legislature - Second Regular Session,HCR2025
AZ1998HCR2027,1998 - Forty-third Legislature - Second Regular Session,HCR2027
AZ1998S1019,1998 - Forty-third Legislature - Second Regular Session,SB1019
AZ1998S1040,1998 - Forty-third Legislature - Second Regular Session,SB1040
AZ1998S1110,1998 - Forty-third Legislature - Second Regular Session,SB1110
AZ1998S1147,1998 - Forty-third Legislature - Second Regular Session,SB1147
AZ1998S1205,1998 - Forty-third Legislature - Second Regular Session,SB1205
AZ1998S1239,1998 - Forty-third Legislature - Second Regular Session,SB1239
AZ1998S1255,1998 - Forty-third Legislature - Second Regular Session,SB1255
AZ1998S1284,1998 - Forty-third Legislature - Second Regular Session,SB1284
AZ1998S1285,1998 - Forty-third Legislature - Second Regular Session,SB1285
AZ1998S1286,1998 - Forty-third Legislature - Second Regular Session,SB1286
AZ1998S1291,1998 - Forty-third Legislature - Second Regular Session,SB1291
AZ1998S1372,1998 - Forty-third Legislature - Second Regular Session,SB1372
AZ1998S1373,1998 - Forty-third Legislature - Second Regular Session,SB1373
AZ1998S1401,1998 - Forty-third Legislature - Second Regular Session,SB1401
AZ1998S1426,1998 - Forty-third Legislature - Second Regular Session,SB1426
AZ1998SCR1008,1998 - Forty-third Legislature - Second Regular Session,SCR1008
AZ1998SCR1014,1998 - Forty-third Legislature - Second Regular Session,SCR1014
AZ1998S1002,1998 - Forty-third Legislature - Third Special Session,SB1002
AZ1998S1003,1998 - Forty-third Legislature - Third Special Session,SB1003
AZ1998SCR1001,1998 - Forty-third Legislature - Third Special Session,SCR1001
AZ1999H2006,1999 - Forty-fourth Legislature - First Regular Session,HB2006
AZ1999H2036,1999 - Forty-fourth Legislature - First Regular Session,HB2036
AZ1999H2081,1999 - Forty-fourth Legislature - First Regular Session,HB2081
AZ1999H2096,1999 - Forty-fourth Legislature - First Regular Session,HB2096
AZ1999H2098,1999 - Forty-fourth Legislature - First Regular Session,HB2098
AZ1999H2100,1999 - Forty-fourth Legislature - First Regular Session,HB2100
AZ1999H2101,1999 - Forty-fourth Legislature - First Regular Session,HB2101
AZ1999H2102,1999 - Forty-fourth Legislature - First Regular Session,HB2102
AZ1999H2113,1999 - Forty-fourth Legislature - First Regular Session,HB2113
AZ1999H2114,1999 - Forty-fourth Legislature - First Regular Session,HB2114
AZ1999H2115,1999 - Forty-fourth Legislature - First Regular Session,HB2115
AZ1999H2116,1999 - Forty-fourth Legislature - First Regular Session,HB2116
AZ1999H2117,1999 - Forty-fourth Legislature - First Regular Session,HB2117
AZ1999H2118,1999 - Forty-fourth Legislature - First Regular Session,HB2118
AZ1999H2160,1999 - Forty-fourth Legislature - First Regular Session,HB2160
AZ1999H2162,1999 - Forty-fourth Legislature - First Regular Session,HB2162
AZ1999H2182,1999 - Forty-fourth Legislature - First Regular Session,HB2182
AZ1999H2184,1999 - Forty-fourth Legislature - First Regular Session,HB2184
AZ1999H2185,1999 - Forty-fourth Legislature - First Regular Session,HB2185
AZ1999H2199,1999 - Forty-fourth Legislature - First Regular Session,HB2199
AZ1999H2237,1999 - Forty-fourth Legislature - First Regular Session,HB2237
AZ1999H2238,1999 - Forty-fourth Legislature - First Regular Session,HB2238
AZ1999H2320,1999 - Forty-fourth Legislature - First Regular Session,HB2320
AZ1999H2343,1999 - Forty-fourth Legislature - First Regular Session,HB2343
AZ1999H2597,1999 - Forty-fourth Legislature - First Regular Session,HB2597
AZ1999H2656,1999 - Forty-fourth Legislature - First Regular Session,HB2656
AZ1999H2674,1999 - Forty-fourth Legislature - First Regular Session,HB2674
AZ1999H2698,1999 - Forty-fourth Legislature - First Regular Session,HB2698
AZ1999HCR2003,1999 - Forty-fourth Legislature - First Regular Session,HCR2003
AZ1999HCR2004,1999 - Forty-fourth Legislature - First Regular Session,HCR2004
AZ1999HCR2005,1999 - Forty-fourth Legislature - First Regular Session,HCR2005
AZ1999HCR2006,1999 - Forty-fourth Legislature - First Regular Session,HCR2006
AZ1999HCR2007,1999 - Forty-fourth Legislature - First Regular Session,HCR2007
AZ1999HCR2008,1999 - Forty-fourth Legislature - First Regular Session,HCR2008
AZ1999HCR2009,1999 - Forty-fourth Legislature - First Regular Session,HCR2009
AZ1999HCR2011,1999 - Forty-fourth Legislature - First Regular Session,HCR2011
AZ1999HCR2012,1999 - Forty-fourth Legislature - First Regular Session,HCR2012
AZ1999HCR2013,1999 - Forty-fourth Legislature - First Regular Session,HCR2013
AZ1999HCR2014,1999 - Forty-fourth Legislature - First Regular Session,HCR2014
AZ1999HCR2015,1999 - Forty-fourth Legislature - First Regular Session,HCR2015
AZ1999HCR2016,1999 - Forty-fourth Legislature - First Regular Session,HCR2016
AZ1999HCR2017,1999 - Forty-fourth Legislature - First Regular Session,HCR2017
AZ1999HCR2018,1999 - Forty-fourth Legislature - First Regular Session,HCR2018
AZ1999HCR2023,1999 - Forty-fourth Legislature - First Regular Session,HCR2023
AZ1999HCR2024,1999 - Forty-fourth Legislature - First Regular Session,HCR2024
AZ1999S1011,1999 - Forty-fourth Legislature - First Regular Session,SB1011
AZ1999S1178,1999 - Forty-fourth Legislature - First Regular Session,SB1178
AZ1999S1207,1999 - Forty-fourth Legislature - First Regular Session,SB1207
AZ1999S1227,1999 - Forty-fourth Legislature - First Regular Session,SB1227
AZ1999S1314,1999 - Forty-fourth Legislature - First Regular Session,SB1314
AZ1999S1340,1999 - Forty-fourth Legislature - First Regular Session,SB1340
AZ1999SCR1003,1999 - Forty-fourth Legislature - First Regular Session,SCR1003
AZ2000H2206,2000 - Forty-fourth Legislature - Second Regular Session,HB2206
AZ2000H2207,2000 - Forty-fourth Legislature - Second Regular Session,HB2207
AZ2000H2293,2000 - Forty-fourth Legislature - Second Regular Session,HB2293
AZ2000H2296,2000 - Forty-fourth Legislature - Second Regular Session,HB2296
AZ2000H2352,2000 - Forty-fourth Legislature - Second Regular Session,HB2352
AZ2000H2569,2000 - Forty-fourth Legislature - Second Regular Session,HB2569
AZ2000H2608,2000 - Forty-fourth Legislature - Second Regular Session,HB2608
AZ2000H2649,2000 - Forty-fourth Legislature - Second Regular Session,HB2649
AZ2000H2672,2000 - Forty-fourth Legislature - Second Regular Session,HB2672
AZ2000H2698,2000 - Forty-fourth Legislature - Second Regular Session,HB2698
AZ2000H2710,2000 - Forty-fourth Legislature - Second Regular Session,HB2710
AZ2000HCMHCM2007,2000 - Forty-fourth Legislature - Second Regular Session,HCMHCM2007
AZ2000HCR2001,2000 - Forty-fourth Legislature - Second Regular Session,HCR2001
AZ2000HCR2002,2000 - Forty-fourth Legislature - Second Regular Session,HCR2002
AZ2000HCR2005,2000 - Forty-fourth Legislature - Second Regular Session,HCR2005
AZ2000HCR2006,2000 - Forty-fourth Legislature - Second Regular Session,HCR2006
AZ2000HCR2007,2000 - Forty-fourth Legislature - Second Regular Session,HCR2007
AZ2000HCR2008,2000 - Forty-fourth Legislature - Second Regular Session,HCR2008
AZ2000HCR2009,2000 - Forty-fourth Legislature - Second Regular Session,HCR2009
AZ2000HCR2010,2000 - Forty-fourth Legislature - Second Regular Session,HCR2010
AZ2000HCR2011,2000 - Forty-fourth Legislature - Second Regular Session,HCR2011
AZ2000HCR2012,2000 - Forty-fourth Legislature - Second Regular Session,HCR2012
AZ2000HCR2013,2000 - Forty-fourth Legislature - Second Regular Session,HCR2013
AZ2000HCR2014,2000 - Forty-fourth Legislature - Second Regular Session,HCR2014
AZ2000HCR2015,2000 - Forty-fourth Legislature - Second Regular Session,HCR2015
AZ2000HCR2017,2000 - Forty-fourth Legislature - Second Regular Session,HCR2017
AZ2000HCR2018,2000 - Forty-fourth Legislature - Second Regular Session,HCR2018
AZ2000HCR2020,2000 - Forty-fourth Legislature - Second Regular Session,HCR2020
AZ2000HCR2021,2000 - Forty-fourth Legislature - Second Regular Session,HCR2021
AZ2000HCR2022,2000 - Forty-fourth Legislature - Second Regular Session,HCR2022
AZ2000HCR2023,2000 - Forty-fourth Legislature - Second Regular Session,HCR2023
AZ2000HCR2024,2000 - Forty-fourth Legislature - Second Regular Session,HCR2024
AZ2000HCR2025,2000 - Forty-fourth Legislature - Second Regular Session,HCR2025
AZ2000HCR2029,2000 - Forty-fourth Legislature - Second Regular Session,HCR2029
AZ2000HCR2030,2000 - Forty-fourth Legislature - Second Regular Session,HCR2030
AZ2000HCR2031,2000 - Forty-fourth Legislature - Second Regular Session,HCR2031
AZ2000HCR2037,2000 - Forty-fourth Legislature - Second Regular Session,HCR2037
AZ2000S1128,2000 - Forty-fourth Legislature - Second Regular Session,SB1128
AZ2000S1212,2000 - Forty-fourth Legislature - Second Regular Session,SB1212
AZ2000S1230,2000 - Forty-fourth Legislature - Second Regular Session,SB1230
AZ2000S1240,2000 - Forty-fourth Legislature - Second Regular Session,SB1240
AZ2000S1268,2000 - Forty-fourth Legislature - Second Regular Session,SB1268
AZ2000S1331,2000 - Forty-fourth Legislature - Second Regular Session,SB1331
AZ2000S1365,2000 - Forty-fourth Legislature - Second Regular Session,SB1365
AZ2000S1372,2000 - Forty-fourth Legislature - Second Regular Session,SB1372
AZ2000S1377,2000 - Forty-fourth Legislature - Second Regular Session,SB1377
AZ2000S1413,2000 - Forty-fourth Legislature - Second Regular Session,SB1413
AZ2000S1429,2000 - Forty-fourth Legislature - Second Regular Session,SB1429
AZ2000S1432,2000 - Forty-fourth Legislature - Second Regular Session,SB1432
AZ2000S1449,2000 - Forty-fourth Legislature - Second Regular Session,SB1449
AZ2000SCR1006,2000 - Forty-fourth Legislature - Second Regular Session,SCR1006
AZ2000SCR1011,2000 - Forty-fourth Legislature - Second Regular Session,SCR1011
AZ2000SCR1017,2000 - Forty-fourth Legislature - Second Regular Session,SCR1017
AZ2000SCR1018,2000 - Forty-fourth Legislature - Second Regular Session,SCR1018
