uuid,text_url,text_version,pdf_path
GA2001H1055,http://www.legis.ga.gov/Legislation/20012002/10224.pdf,2,/Users/josephloffredo/MIT Dropbox/Joseph Loffredo/election_bill_text/data/georgia/GA2001H1055/GA2001H1055_2.pdf
GA2001H111,http://www.legis.ga.gov/Legislation/20012002/373.pdf,2,/Users/josephloffredo/MIT Dropbox/Joseph Loffredo/election_bill_text/data/georgia/GA2001H111/GA2001H111_2.pdf
GA2001H112,http://www.legis.ga.gov/Legislation/20012002/2035.pdf,5,/Users/josephloffredo/MIT Dropbox/Joseph Loffredo/election_bill_text/data/georgia/GA2001H112/GA2001H112_5.pdf
GA2001H113,http://www.legis.ga.gov/Legislation/20012002/374.pdf,2,/Users/josephloffredo/MIT Dropbox/Joseph Loffredo/election_bill_text/data/georgia/GA2001H113/GA2001H113_2.pdf
GA2001H1390,http://www.legis.ga.gov/Legislation/20012002/12783.pdf,2,/Users/josephloffredo/MIT Dropbox/Joseph Loffredo/election_bill_text/data/georgia/GA2001H1390/GA2001H1390_2.pdf
GA2001H1392,http://www.legis.ga.gov/Legislation/20012002/12797.pdf,2,/Users/josephloffredo/MIT Dropbox/Joseph Loffredo/election_bill_text/data/georgia/GA2001H1392/GA2001H1392_2.pdf
GA2001H1546,http://www.legis.ga.gov/Legislation/20012002/14041.pdf,2,/Users/josephloffredo/MIT Dropbox/Joseph Loffredo/election_bill_text/data/georgia/GA2001H1546/GA2001H1546_2.pdf
GA2001H177,http://www.legis.ga.gov/Legislation/20012002/667.pdf,2,/Users/josephloffredo/MIT Dropbox/Joseph Loffredo/election_bill_text/data/georgia/GA2001H177/GA2001H177_2.pdf
GA2001H1798,http://www.legis.ga.gov/Legislation/20012002/17887.pdf,6,/Users/josephloffredo/MIT Dropbox/Joseph Loffredo/election_bill_text/data/georgia/GA2001H1798/GA2001H1798_6.pdf
GA2001H182,http://www.legis.ga.gov/Legislation/20012002/697.pdf,2,/Users/josephloffredo/MIT Dropbox/Joseph Loffredo/election_bill_text/data/georgia/GA2001H182/GA2001H182_2.pdf
GA2001H234,http://www.legis.ga.gov/Legislation/20012002/1100.pdf,2,/Users/josephloffredo/MIT Dropbox/Joseph Loffredo/election_bill_text/data/georgia/GA2001H234/GA2001H234_2.pdf
GA2001H305,http://www.legis.ga.gov/Legislation/20012002/1525.pdf,2,/Users/josephloffredo/MIT Dropbox/Joseph Loffredo/election_bill_text/data/georgia/GA2001H305/GA2001H305_2.pdf
GA2001H326,http://www.legis.ga.gov/Legislation/20012002/1663.pdf,2,/Users/josephloffredo/MIT Dropbox/Joseph Loffredo/election_bill_text/data/georgia/GA2001H326/GA2001H326_2.pdf
GA2001H372,http://www.legis.ga.gov/Legislation/20012002/3938.pdf,5,/Users/josephloffredo/MIT Dropbox/Joseph Loffredo/election_bill_text/data/georgia/GA2001H372/GA2001H372_5.pdf
GA2001H489,http://www.legis.ga.gov/Legislation/20012002/8050.pdf,5,/Users/josephloffredo/MIT Dropbox/Joseph Loffredo/election_bill_text/data/georgia/GA2001H489/GA2001H489_5.pdf
GA2001H688,http://www.legis.ga.gov/Legislation/20012002/3823.pdf,2,/Users/josephloffredo/MIT Dropbox/Joseph Loffredo/election_bill_text/data/georgia/GA2001H688/GA2001H688_2.pdf
GA2001H713,http://www.legis.ga.gov/Legislation/20012002/3971.pdf,2,/Users/josephloffredo/MIT Dropbox/Joseph Loffredo/election_bill_text/data/georgia/GA2001H713/GA2001H713_2.pdf
GA2001H757,http://www.legis.ga.gov/Legislation/20012002/4372.pdf,2,/Users/josephloffredo/MIT Dropbox/Joseph Loffredo/election_bill_text/data/georgia/GA2001H757/GA2001H757_2.pdf
GA2001H786,http://www.legis.ga.gov/Legislation/20012002/4741.pdf,2,/Users/josephloffredo/MIT Dropbox/Joseph Loffredo/election_bill_text/data/georgia/GA2001H786/GA2001H786_2.pdf
GA2001H795,http://www.legis.ga.gov/Legislation/20012002/4887.pdf,2,/Users/josephloffredo/MIT Dropbox/Joseph Loffredo/election_bill_text/data/georgia/GA2001H795/GA2001H795_2.pdf
GA2001H798,http://www.legis.ga.gov/Legislation/20012002/4872.pdf,2,/Users/josephloffredo/MIT Dropbox/Joseph Loffredo/election_bill_text/data/georgia/GA2001H798/GA2001H798_2.pdf
GA2001H819,http://www.legis.ga.gov/Legislation/20012002/5138.pdf,2,/Users/josephloffredo/MIT Dropbox/Joseph Loffredo/election_bill_text/data/georgia/GA2001H819/GA2001H819_2.pdf
GA2001H839,http://www.legis.ga.gov/Legislation/20012002/5252.pdf,2,/Users/josephloffredo/MIT Dropbox/Joseph Loffredo/election_bill_text/data/georgia/GA2001H839/GA2001H839_2.pdf
GA2001HR256,http://www.legis.ga.gov/Legislation/20012002/2836.pdf,2,/Users/josephloffredo/MIT Dropbox/Joseph Loffredo/election_bill_text/data/georgia/GA2001HR256/GA2001HR256_2.pdf
GA2001S120,http://www.legis.ga.gov/Legislation/20012002/2278.pdf,2,/Users/josephloffredo/MIT Dropbox/Joseph Loffredo/election_bill_text/data/georgia/GA2001S120/GA2001S120_2.pdf
GA2001S212,http://www.legis.ga.gov/Legislation/20012002/3574.pdf,2,/Users/josephloffredo/MIT Dropbox/Joseph Loffredo/election_bill_text/data/georgia/GA2001S212/GA2001S212_2.pdf
GA2001S213,http://www.legis.ga.gov/Legislation/20012002/7913.pdf,12,/Users/josephloffredo/MIT Dropbox/Joseph Loffredo/election_bill_text/data/georgia/GA2001S213/GA2001S213_12.pdf
GA2001S225,http://www.legis.ga.gov/Legislation/20012002/3854.pdf,2,/Users/josephloffredo/MIT Dropbox/Joseph Loffredo/election_bill_text/data/georgia/GA2001S225/GA2001S225_2.pdf
GA2001S32,http://www.legis.ga.gov/Legislation/20012002/15155.pdf,11,/Users/josephloffredo/MIT Dropbox/Joseph Loffredo/election_bill_text/data/georgia/GA2001S32/GA2001S32_11.pdf
GA2001S555,http://www.legis.ga.gov/Legislation/20012002/16132.pdf,2,/Users/josephloffredo/MIT Dropbox/Joseph Loffredo/election_bill_text/data/georgia/GA2001S555/GA2001S555_2.pdf
GA2001S559,http://www.legis.ga.gov/Legislation/20012002/17046.pdf,3,/Users/josephloffredo/MIT Dropbox/Joseph Loffredo/election_bill_text/data/georgia/GA2001S559/GA2001S559_3.pdf
GA2001S8,http://www.legis.ga.gov/Legislation/20012002/296.pdf,2,/Users/josephloffredo/MIT Dropbox/Joseph Loffredo/election_bill_text/data/georgia/GA2001S8/GA2001S8_2.pdf
GA2001SR278,http://www.legis.ga.gov/Legislation/20012002/4852.pdf,2,/Users/josephloffredo/MIT Dropbox/Joseph Loffredo/election_bill_text/data/georgia/GA2001SR278/GA2001SR278_2.pdf
GA2001SR520,http://www.legis.ga.gov/Legislation/20012002/16657.pdf,3,/Users/josephloffredo/MIT Dropbox/Joseph Loffredo/election_bill_text/data/georgia/GA2001SR520/GA2001SR520_3.pdf
GA2002H1092,http://www.legis.ga.gov/Legislation/20012002/10461.pdf,2,/Users/josephloffredo/MIT Dropbox/Joseph Loffredo/election_bill_text/data/georgia/GA2002H1092/GA2002H1092_2.pdf
GA2002H1213,http://www.legis.ga.gov/Legislation/20012002/19159.pdf,12,/Users/josephloffredo/MIT Dropbox/Joseph Loffredo/election_bill_text/data/georgia/GA2002H1213/GA2002H1213_12.pdf
GA2002H1335,http://www.legis.ga.gov/Legislation/20012002/17448.pdf,5,/Users/josephloffredo/MIT Dropbox/Joseph Loffredo/election_bill_text/data/georgia/GA2002H1335/GA2002H1335_5.pdf
GA2002H1554,http://www.legis.ga.gov/Legislation/20012002/14023.pdf,2,/Users/josephloffredo/MIT Dropbox/Joseph Loffredo/election_bill_text/data/georgia/GA2002H1554/GA2002H1554_2.pdf
GA2002H1770,http://www.legis.ga.gov/Legislation/20012002/16754.pdf,2,/Users/josephloffredo/MIT Dropbox/Joseph Loffredo/election_bill_text/data/georgia/GA2002H1770/GA2002H1770_2.pdf
GA2002S414,http://www.legis.ga.gov/Legislation/20012002/19911.pdf,8,/Users/josephloffredo/MIT Dropbox/Joseph Loffredo/election_bill_text/data/georgia/GA2002S414/GA2002S414_8.pdf
GA2003H114,http://www.legis.ga.gov/Legislation/20032004/27918.pdf,5,/Users/josephloffredo/MIT Dropbox/Joseph Loffredo/election_bill_text/data/georgia/GA2003H114/GA2003H114_5.pdf
GA2003H1164,http://www.legis.ga.gov/Legislation/20032004/39197.pdf,5,/Users/josephloffredo/MIT Dropbox/Joseph Loffredo/election_bill_text/data/georgia/GA2003H1164/GA2003H1164_5.pdf
GA2003H128,http://www.legis.ga.gov/Legislation/20032004/21500.pdf,2,/Users/josephloffredo/MIT Dropbox/Joseph Loffredo/election_bill_text/data/georgia/GA2003H128/GA2003H128_2.pdf
GA2003H1363,http://www.legis.ga.gov/Legislation/20032004/39131.pdf,5,/Users/josephloffredo/MIT Dropbox/Joseph Loffredo/election_bill_text/data/georgia/GA2003H1363/GA2003H1363_5.pdf
GA2003H1370,http://www.legis.ga.gov/Legislation/20032004/39203.pdf,5,/Users/josephloffredo/MIT Dropbox/Joseph Loffredo/election_bill_text/data/georgia/GA2003H1370/GA2003H1370_5.pdf
GA2003H1716,http://www.legis.ga.gov/Legislation/20032004/40258.pdf,6,/Users/josephloffredo/MIT Dropbox/Joseph Loffredo/election_bill_text/data/georgia/GA2003H1716/GA2003H1716_6.pdf
GA2003H1717,http://www.legis.ga.gov/Legislation/20032004/36347.pdf,2,/Users/josephloffredo/MIT Dropbox/Joseph Loffredo/election_bill_text/data/georgia/GA2003H1717/GA2003H1717_2.pdf
GA2003H1721,http://www.legis.ga.gov/Legislation/20032004/39245.pdf,5,/Users/josephloffredo/MIT Dropbox/Joseph Loffredo/election_bill_text/data/georgia/GA2003H1721/GA2003H1721_5.pdf
GA2003H1771,http://www.legis.ga.gov/Legislation/20032004/39263.pdf,7,/Users/josephloffredo/MIT Dropbox/Joseph Loffredo/election_bill_text/data/georgia/GA2003H1771/GA2003H1771_7.pdf
GA2003H28,http://www.legis.ga.gov/Legislation/20032004/21132.pdf,2,/Users/josephloffredo/MIT Dropbox/Joseph Loffredo/election_bill_text/data/georgia/GA2003H28/GA2003H28_2.pdf
GA2003H312,http://www.legis.ga.gov/Legislation/20032004/26633.pdf,5,/Users/josephloffredo/MIT Dropbox/Joseph Loffredo/election_bill_text/data/georgia/GA2003H312/GA2003H312_5.pdf
GA2003H333,http://www.legis.ga.gov/Legislation/20032004/29513.pdf,5,/Users/josephloffredo/MIT Dropbox/Joseph Loffredo/election_bill_text/data/georgia/GA2003H333/GA2003H333_5.pdf
GA2003H657,http://www.legis.ga.gov/Legislation/20032004/28733.pdf,5,/Users/josephloffredo/MIT Dropbox/Joseph Loffredo/election_bill_text/data/georgia/GA2003H657/GA2003H657_5.pdf
GA2003H682,http://www.legis.ga.gov/Legislation/20032004/30826.pdf,5,/Users/josephloffredo/MIT Dropbox/Joseph Loffredo/election_bill_text/data/georgia/GA2003H682/GA2003H682_5.pdf
GA2003H752,http://www.legis.ga.gov/Legislation/20032004/25522.pdf,2,/Users/josephloffredo/MIT Dropbox/Joseph Loffredo/election_bill_text/data/georgia/GA2003H752/GA2003H752_2.pdf
GA2003H756,http://www.legis.ga.gov/Legislation/20032004/31178.pdf,8,/Users/josephloffredo/MIT Dropbox/Joseph Loffredo/election_bill_text/data/georgia/GA2003H756/GA2003H756_8.pdf
GA2003H841,http://www.legis.ga.gov/Legislation/20032004/29662.pdf,5,/Users/josephloffredo/MIT Dropbox/Joseph Loffredo/election_bill_text/data/georgia/GA2003H841/GA2003H841_5.pdf
GA2003H850,http://www.legis.ga.gov/Legislation/20032004/30769.pdf,5,/Users/josephloffredo/MIT Dropbox/Joseph Loffredo/election_bill_text/data/georgia/GA2003H850/GA2003H850_5.pdf
GA2003H913,http://www.legis.ga.gov/Legislation/20032004/30908.pdf,5,/Users/josephloffredo/MIT Dropbox/Joseph Loffredo/election_bill_text/data/georgia/GA2003H913/GA2003H913_5.pdf
GA2003H927,http://www.legis.ga.gov/Legislation/20032004/30923.pdf,5,/Users/josephloffredo/MIT Dropbox/Joseph Loffredo/election_bill_text/data/georgia/GA2003H927/GA2003H927_5.pdf
GA2003H932,http://www.legis.ga.gov/Legislation/20032004/39885.pdf,5,/Users/josephloffredo/MIT Dropbox/Joseph Loffredo/election_bill_text/data/georgia/GA2003H932/GA2003H932_5.pdf
GA2003S206,http://www.legis.ga.gov/Legislation/20032004/30974.pdf,5,/Users/josephloffredo/MIT Dropbox/Joseph Loffredo/election_bill_text/data/georgia/GA2003S206/GA2003S206_5.pdf
GA2003S209,http://www.legis.ga.gov/Legislation/20032004/30689.pdf,6,/Users/josephloffredo/MIT Dropbox/Joseph Loffredo/election_bill_text/data/georgia/GA2003S209/GA2003S209_6.pdf
GA2003S258,http://www.legis.ga.gov/Legislation/20032004/31117.pdf,9,/Users/josephloffredo/MIT Dropbox/Joseph Loffredo/election_bill_text/data/georgia/GA2003S258/GA2003S258_9.pdf
GA2003S259,http://www.legis.ga.gov/Legislation/20032004/25081.pdf,2,/Users/josephloffredo/MIT Dropbox/Joseph Loffredo/election_bill_text/data/georgia/GA2003S259/GA2003S259_2.pdf
GA2003S360,http://www.legis.ga.gov/Legislation/20032004/29432.pdf,6,/Users/josephloffredo/MIT Dropbox/Joseph Loffredo/election_bill_text/data/georgia/GA2003S360/GA2003S360_6.pdf
GA2003S369,http://www.legis.ga.gov/Legislation/20032004/28501.pdf,4,/Users/josephloffredo/MIT Dropbox/Joseph Loffredo/election_bill_text/data/georgia/GA2003S369/GA2003S369_4.pdf
GA2003S383,http://www.legis.ga.gov/Legislation/20032004/30209.pdf,5,/Users/josephloffredo/MIT Dropbox/Joseph Loffredo/election_bill_text/data/georgia/GA2003S383/GA2003S383_5.pdf
GA2003S589,http://www.legis.ga.gov/Legislation/20032004/41104.pdf,6,/Users/josephloffredo/MIT Dropbox/Joseph Loffredo/election_bill_text/data/georgia/GA2003S589/GA2003S589_6.pdf
GA2004H49,http://www.legis.ga.gov/Legislation/20032004/21204.pdf,2,/Users/josephloffredo/MIT Dropbox/Joseph Loffredo/election_bill_text/data/georgia/GA2004H49/GA2004H49_2.pdf
GA2004S500,http://www.legis.ga.gov/Legislation/20032004/37957.pdf,9,/Users/josephloffredo/MIT Dropbox/Joseph Loffredo/election_bill_text/data/georgia/GA2004S500/GA2004S500_9.pdf
GA2004S541,http://www.legis.ga.gov/Legislation/20032004/41555.pdf,8,/Users/josephloffredo/MIT Dropbox/Joseph Loffredo/election_bill_text/data/georgia/GA2004S541/GA2004S541_8.pdf
GA2005H1079,http://www.legis.ga.gov/Legislation/20052006/60424.pdf,4,/Users/josephloffredo/MIT Dropbox/Joseph Loffredo/election_bill_text/data/georgia/GA2005H1079/GA2005H1079_4.pdf
GA2005H1154,http://www.legis.ga.gov/Legislation/20052006/54881.pdf,2,/Users/josephloffredo/MIT Dropbox/Joseph Loffredo/election_bill_text/data/georgia/GA2005H1154/GA2005H1154_2.pdf
GA2005H1159,http://www.legis.ga.gov/Legislation/20052006/56891.pdf,4,/Users/josephloffredo/MIT Dropbox/Joseph Loffredo/election_bill_text/data/georgia/GA2005H1159/GA2005H1159_4.pdf
GA2005H1271,http://www.legis.ga.gov/Legislation/20052006/59624.pdf,4,/Users/josephloffredo/MIT Dropbox/Joseph Loffredo/election_bill_text/data/georgia/GA2005H1271/GA2005H1271_4.pdf
GA2005H1289,http://www.legis.ga.gov/Legislation/20052006/59628.pdf,4,/Users/josephloffredo/MIT Dropbox/Joseph Loffredo/election_bill_text/data/georgia/GA2005H1289/GA2005H1289_4.pdf
GA2005H146,http://www.legis.ga.gov/Legislation/20052006/50393.pdf,6,/Users/josephloffredo/MIT Dropbox/Joseph Loffredo/election_bill_text/data/georgia/GA2005H146/GA2005H146_6.pdf
GA2005H1494,http://www.legis.ga.gov/Legislation/20052006/61634.pdf,4,/Users/josephloffredo/MIT Dropbox/Joseph Loffredo/election_bill_text/data/georgia/GA2005H1494/GA2005H1494_4.pdf
GA2005H1611,http://www.legis.ga.gov/Legislation/20052006/65249.pdf,4,/Users/josephloffredo/MIT Dropbox/Joseph Loffredo/election_bill_text/data/georgia/GA2005H1611/GA2005H1611_4.pdf
GA2005H1623,http://www.legis.ga.gov/Legislation/20052006/65259.pdf,4,/Users/josephloffredo/MIT Dropbox/Joseph Loffredo/election_bill_text/data/georgia/GA2005H1623/GA2005H1623_4.pdf
GA2005H1644,http://www.legis.ga.gov/Legislation/20052006/65266.pdf,4,/Users/josephloffredo/MIT Dropbox/Joseph Loffredo/election_bill_text/data/georgia/GA2005H1644/GA2005H1644_4.pdf
GA2005H1650,http://www.legis.ga.gov/Legislation/20052006/65153.pdf,4,/Users/josephloffredo/MIT Dropbox/Joseph Loffredo/election_bill_text/data/georgia/GA2005H1650/GA2005H1650_4.pdf
GA2005H1660,http://www.legis.ga.gov/Legislation/20052006/63302.pdf,4,/Users/josephloffredo/MIT Dropbox/Joseph Loffredo/election_bill_text/data/georgia/GA2005H1660/GA2005H1660_4.pdf
GA2005H219,http://www.legis.ga.gov/Legislation/20052006/43415.pdf,2,/Users/josephloffredo/MIT Dropbox/Joseph Loffredo/election_bill_text/data/georgia/GA2005H219/GA2005H219_2.pdf
GA2005H229,http://www.legis.ga.gov/Legislation/20052006/43444.pdf,2,/Users/josephloffredo/MIT Dropbox/Joseph Loffredo/election_bill_text/data/georgia/GA2005H229/GA2005H229_2.pdf
GA2005H33,http://www.legis.ga.gov/Legislation/20052006/42668.pdf,3,/Users/josephloffredo/MIT Dropbox/Joseph Loffredo/election_bill_text/data/georgia/GA2005H33/GA2005H33_3.pdf
GA2005H415,http://www.legis.ga.gov/Legislation/20052006/49514.pdf,5,/Users/josephloffredo/MIT Dropbox/Joseph Loffredo/election_bill_text/data/georgia/GA2005H415/GA2005H415_5.pdf
GA2005H585,http://www.legis.ga.gov/Legislation/20052006/51044.pdf,5,/Users/josephloffredo/MIT Dropbox/Joseph Loffredo/election_bill_text/data/georgia/GA2005H585/GA2005H585_5.pdf
GA2005H61,http://www.legis.ga.gov/Legislation/20052006/42621.pdf,2,/Users/josephloffredo/MIT Dropbox/Joseph Loffredo/election_bill_text/data/georgia/GA2005H61/GA2005H61_2.pdf
GA2005H618,http://www.legis.ga.gov/Legislation/20052006/49007.pdf,5,/Users/josephloffredo/MIT Dropbox/Joseph Loffredo/election_bill_text/data/georgia/GA2005H618/GA2005H618_5.pdf
GA2005H623,http://www.legis.ga.gov/Legislation/20052006/49009.pdf,5,/Users/josephloffredo/MIT Dropbox/Joseph Loffredo/election_bill_text/data/georgia/GA2005H623/GA2005H623_5.pdf
GA2005H673,http://www.legis.ga.gov/Legislation/20052006/51046.pdf,8,/Users/josephloffredo/MIT Dropbox/Joseph Loffredo/election_bill_text/data/georgia/GA2005H673/GA2005H673_8.pdf
GA2005H743,http://www.legis.ga.gov/Legislation/20052006/47692.pdf,2,/Users/josephloffredo/MIT Dropbox/Joseph Loffredo/election_bill_text/data/georgia/GA2005H743/GA2005H743_2.pdf
GA2005H761,http://www.legis.ga.gov/Legislation/20052006/48090.pdf,2,/Users/josephloffredo/MIT Dropbox/Joseph Loffredo/election_bill_text/data/georgia/GA2005H761/GA2005H761_2.pdf
GA2005H788,http://www.legis.ga.gov/Legislation/20052006/51797.pdf,5,/Users/josephloffredo/MIT Dropbox/Joseph Loffredo/election_bill_text/data/georgia/GA2005H788/GA2005H788_5.pdf
GA2005H830,http://www.legis.ga.gov/Legislation/20052006/53064.pdf,5,/Users/josephloffredo/MIT Dropbox/Joseph Loffredo/election_bill_text/data/georgia/GA2005H830/GA2005H830_5.pdf
GA2005H855,http://www.legis.ga.gov/Legislation/20052006/53095.pdf,5,/Users/josephloffredo/MIT Dropbox/Joseph Loffredo/election_bill_text/data/georgia/GA2005H855/GA2005H855_5.pdf
GA2005H858,http://www.legis.ga.gov/Legislation/20052006/52803.pdf,5,/Users/josephloffredo/MIT Dropbox/Joseph Loffredo/election_bill_text/data/georgia/GA2005H858/GA2005H858_5.pdf
GA2005H859,http://www.legis.ga.gov/Legislation/20052006/53007.pdf,5,/Users/josephloffredo/MIT Dropbox/Joseph Loffredo/election_bill_text/data/georgia/GA2005H859/GA2005H859_5.pdf
GA2005H882,http://www.legis.ga.gov/Legislation/20052006/50223.pdf,2,/Users/josephloffredo/MIT Dropbox/Joseph Loffredo/election_bill_text/data/georgia/GA2005H882/GA2005H882_2.pdf
GA2005S278,http://www.legis.ga.gov/Legislation/20052006/63143.pdf,7,/Users/josephloffredo/MIT Dropbox/Joseph Loffredo/election_bill_text/data/georgia/GA2005S278/GA2005S278_7.pdf
GA2005S352,http://www.legis.ga.gov/Legislation/20052006/49648.pdf,4,/Users/josephloffredo/MIT Dropbox/Joseph Loffredo/election_bill_text/data/georgia/GA2005S352/GA2005S352_4.pdf
GA2005S354,http://www.legis.ga.gov/Legislation/20052006/51828.pdf,5,/Users/josephloffredo/MIT Dropbox/Joseph Loffredo/election_bill_text/data/georgia/GA2005S354/GA2005S354_5.pdf
GA2006H1015,http://www.legis.ga.gov/Legislation/20052006/53911.pdf,2,/Users/josephloffredo/MIT Dropbox/Joseph Loffredo/election_bill_text/data/georgia/GA2006H1015/GA2006H1015_2.pdf
GA2006H1045,http://www.legis.ga.gov/Legislation/20052006/54113.pdf,2,/Users/josephloffredo/MIT Dropbox/Joseph Loffredo/election_bill_text/data/georgia/GA2006H1045/GA2006H1045_2.pdf
GA2006H1165,http://www.legis.ga.gov/Legislation/20052006/54965.pdf,2,/Users/josephloffredo/MIT Dropbox/Joseph Loffredo/election_bill_text/data/georgia/GA2006H1165/GA2006H1165_2.pdf
GA2006H1286,http://www.legis.ga.gov/Legislation/20052006/55863.pdf,2,/Users/josephloffredo/MIT Dropbox/Joseph Loffredo/election_bill_text/data/georgia/GA2006H1286/GA2006H1286_2.pdf
GA2006H1607,http://www.legis.ga.gov/Legislation/20052006/60263.pdf,2,/Users/josephloffredo/MIT Dropbox/Joseph Loffredo/election_bill_text/data/georgia/GA2006H1607/GA2006H1607_2.pdf
GA2006S409,http://www.legis.ga.gov/Legislation/20052006/55760.pdf,4,/Users/josephloffredo/MIT Dropbox/Joseph Loffredo/election_bill_text/data/georgia/GA2006S409/GA2006S409_4.pdf
GA2006S517,http://www.legis.ga.gov/Legislation/20052006/55560.pdf,2,/Users/josephloffredo/MIT Dropbox/Joseph Loffredo/election_bill_text/data/georgia/GA2006S517/GA2006S517_2.pdf
GA2006S590,http://www.legis.ga.gov/Legislation/20052006/57707.pdf,2,/Users/josephloffredo/MIT Dropbox/Joseph Loffredo/election_bill_text/data/georgia/GA2006S590/GA2006S590_2.pdf
GA2007H1098,http://www.legis.ga.gov/Legislation/20072008/86192.pdf,4,/Users/josephloffredo/MIT Dropbox/Joseph Loffredo/election_bill_text/data/georgia/GA2007H1098/GA2007H1098_4.pdf
GA2007H1352,http://www.legis.ga.gov/Legislation/20072008/86210.pdf,4,/Users/josephloffredo/MIT Dropbox/Joseph Loffredo/election_bill_text/data/georgia/GA2007H1352/GA2007H1352_4.pdf
GA2007H1361,http://www.legis.ga.gov/Legislation/20072008/82103.pdf,4,/Users/josephloffredo/MIT Dropbox/Joseph Loffredo/election_bill_text/data/georgia/GA2007H1361/GA2007H1361_4.pdf
GA2007H1427,http://www.legis.ga.gov/Legislation/20072008/85947.pdf,4,/Users/josephloffredo/MIT Dropbox/Joseph Loffredo/election_bill_text/data/georgia/GA2007H1427/GA2007H1427_4.pdf
GA2007H1437,http://www.legis.ga.gov/Legislation/20072008/86261.pdf,4,/Users/josephloffredo/MIT Dropbox/Joseph Loffredo/election_bill_text/data/georgia/GA2007H1437/GA2007H1437_4.pdf
GA2007H1450,http://www.legis.ga.gov/Legislation/20072008/86053.pdf,4,/Users/josephloffredo/MIT Dropbox/Joseph Loffredo/election_bill_text/data/georgia/GA2007H1450/GA2007H1450_4.pdf
GA2007H1471,http://www.legis.ga.gov/Legislation/20072008/86272.pdf,4,/Users/josephloffredo/MIT Dropbox/Joseph Loffredo/election_bill_text/data/georgia/GA2007H1471/GA2007H1471_4.pdf
GA2007H205,http://www.legis.ga.gov/Legislation/20072008/66738.pdf,2,/Users/josephloffredo/MIT Dropbox/Joseph Loffredo/election_bill_text/data/georgia/GA2007H205/GA2007H205_2.pdf
GA2007H234,http://www.legis.ga.gov/Legislation/20072008/72837.pdf,4,/Users/josephloffredo/MIT Dropbox/Joseph Loffredo/election_bill_text/data/georgia/GA2007H234/GA2007H234_4.pdf
GA2007H388,http://www.legis.ga.gov/Legislation/20072008/72795.pdf,4,/Users/josephloffredo/MIT Dropbox/Joseph Loffredo/election_bill_text/data/georgia/GA2007H388/GA2007H388_4.pdf
GA2007H43,http://www.legis.ga.gov/Legislation/20072008/65675.pdf,2,/Users/josephloffredo/MIT Dropbox/Joseph Loffredo/election_bill_text/data/georgia/GA2007H43/GA2007H43_2.pdf
GA2007H487,http://www.legis.ga.gov/Legislation/20072008/74979.pdf,11,/Users/josephloffredo/MIT Dropbox/Joseph Loffredo/election_bill_text/data/georgia/GA2007H487/GA2007H487_11.pdf
GA2007H555,http://www.legis.ga.gov/Legislation/20072008/72886.pdf,4,/Users/josephloffredo/MIT Dropbox/Joseph Loffredo/election_bill_text/data/georgia/GA2007H555/GA2007H555_4.pdf
GA2007H62,http://www.legis.ga.gov/Legislation/20072008/65714.pdf,2,/Users/josephloffredo/MIT Dropbox/Joseph Loffredo/election_bill_text/data/georgia/GA2007H62/GA2007H62_2.pdf
GA2007H660,http://www.legis.ga.gov/Legislation/20072008/74448.pdf,4,/Users/josephloffredo/MIT Dropbox/Joseph Loffredo/election_bill_text/data/georgia/GA2007H660/GA2007H660_4.pdf
GA2007H666,http://www.legis.ga.gov/Legislation/20072008/72904.pdf,4,/Users/josephloffredo/MIT Dropbox/Joseph Loffredo/election_bill_text/data/georgia/GA2007H666/GA2007H666_4.pdf
GA2007H705,http://www.legis.ga.gov/Legislation/20072008/72924.pdf,4,/Users/josephloffredo/MIT Dropbox/Joseph Loffredo/election_bill_text/data/georgia/GA2007H705/GA2007H705_4.pdf
GA2007H744,http://www.legis.ga.gov/Legislation/20072008/71636.pdf,2,/Users/josephloffredo/MIT Dropbox/Joseph Loffredo/election_bill_text/data/georgia/GA2007H744/GA2007H744_2.pdf
GA2007H757,http://www.legis.ga.gov/Legislation/20072008/73886.pdf,4,/Users/josephloffredo/MIT Dropbox/Joseph Loffredo/election_bill_text/data/georgia/GA2007H757/GA2007H757_4.pdf
GA2007H773,http://www.legis.ga.gov/Legislation/20072008/75769.pdf,4,/Users/josephloffredo/MIT Dropbox/Joseph Loffredo/election_bill_text/data/georgia/GA2007H773/GA2007H773_4.pdf
GA2007H827,http://www.legis.ga.gov/Legislation/20072008/75723.pdf,4,/Users/josephloffredo/MIT Dropbox/Joseph Loffredo/election_bill_text/data/georgia/GA2007H827/GA2007H827_4.pdf
GA2007H858,http://www.legis.ga.gov/Legislation/20072008/74119.pdf,2,/Users/josephloffredo/MIT Dropbox/Joseph Loffredo/election_bill_text/data/georgia/GA2007H858/GA2007H858_2.pdf
GA2007H932,http://www.legis.ga.gov/Legislation/20072008/79943.pdf,4,/Users/josephloffredo/MIT Dropbox/Joseph Loffredo/election_bill_text/data/georgia/GA2007H932/GA2007H932_4.pdf
GA2007H993,http://www.legis.ga.gov/Legislation/20072008/86002.pdf,4,/Users/josephloffredo/MIT Dropbox/Joseph Loffredo/election_bill_text/data/georgia/GA2007H993/GA2007H993_4.pdf
GA2007HR161,http://www.legis.ga.gov/Legislation/20072008/67131.pdf,2,/Users/josephloffredo/MIT Dropbox/Joseph Loffredo/election_bill_text/data/georgia/GA2007HR161/GA2007HR161_2.pdf
GA2007S11,http://www.legis.ga.gov/Legislation/20072008/84559.pdf,4,/Users/josephloffredo/MIT Dropbox/Joseph Loffredo/election_bill_text/data/georgia/GA2007S11/GA2007S11_4.pdf
GA2007S194,http://www.legis.ga.gov/Legislation/20072008/75350.pdf,8,/Users/josephloffredo/MIT Dropbox/Joseph Loffredo/election_bill_text/data/georgia/GA2007S194/GA2007S194_8.pdf
GA2007S264,http://www.legis.ga.gov/Legislation/20072008/83754.pdf,9,/Users/josephloffredo/MIT Dropbox/Joseph Loffredo/election_bill_text/data/georgia/GA2007S264/GA2007S264_9.pdf
GA2007S554,http://www.legis.ga.gov/Legislation/20072008/85818.pdf,5,/Users/josephloffredo/MIT Dropbox/Joseph Loffredo/election_bill_text/data/georgia/GA2007S554/GA2007S554_5.pdf
GA2007SR865,http://www.legis.ga.gov/Legislation/20072008/78186.pdf,2,/Users/josephloffredo/MIT Dropbox/Joseph Loffredo/election_bill_text/data/georgia/GA2007SR865/GA2007SR865_2.pdf
GA2008H1112,http://www.legis.ga.gov/Legislation/20072008/85673.pdf,5,/Users/josephloffredo/MIT Dropbox/Joseph Loffredo/election_bill_text/data/georgia/GA2008H1112/GA2008H1112_5.pdf
GA2008H1143,http://www.legis.ga.gov/Legislation/20072008/77970.pdf,2,/Users/josephloffredo/MIT Dropbox/Joseph Loffredo/election_bill_text/data/georgia/GA2008H1143/GA2008H1143_2.pdf
GA2008H1175,http://www.legis.ga.gov/Legislation/20072008/78227.pdf,2,/Users/josephloffredo/MIT Dropbox/Joseph Loffredo/election_bill_text/data/georgia/GA2008H1175/GA2008H1175_2.pdf
GA2008H1372,http://www.legis.ga.gov/Legislation/20072008/80569.pdf,2,/Users/josephloffredo/MIT Dropbox/Joseph Loffredo/election_bill_text/data/georgia/GA2008H1372/GA2008H1372_2.pdf
GA2008H205,http://www.legis.ga.gov/Legislation/20072008/66738.pdf,2,/Users/josephloffredo/MIT Dropbox/Joseph Loffredo/election_bill_text/data/georgia/GA2008H205/GA2008H205_2.pdf
GA2008H43,http://www.legis.ga.gov/Legislation/20072008/65675.pdf,2,/Users/josephloffredo/MIT Dropbox/Joseph Loffredo/election_bill_text/data/georgia/GA2008H43/GA2008H43_2.pdf
GA2008H487,http://www.legis.ga.gov/Legislation/20072008/74979.pdf,11,/Users/josephloffredo/MIT Dropbox/Joseph Loffredo/election_bill_text/data/georgia/GA2008H487/GA2008H487_11.pdf
GA2008H62,http://www.legis.ga.gov/Legislation/20072008/65714.pdf,2,/Users/josephloffredo/MIT Dropbox/Joseph Loffredo/election_bill_text/data/georgia/GA2008H62/GA2008H62_2.pdf
GA2008H858,http://www.legis.ga.gov/Legislation/20072008/74119.pdf,2,/Users/josephloffredo/MIT Dropbox/Joseph Loffredo/election_bill_text/data/georgia/GA2008H858/GA2008H858_2.pdf
GA2008S264,http://www.legis.ga.gov/Legislation/20072008/83754.pdf,9,/Users/josephloffredo/MIT Dropbox/Joseph Loffredo/election_bill_text/data/georgia/GA2008S264/GA2008S264_9.pdf
GA2008S387,http://www.legis.ga.gov/Legislation/20072008/86065.pdf,6,/Users/josephloffredo/MIT Dropbox/Joseph Loffredo/election_bill_text/data/georgia/GA2008S387/GA2008S387_6.pdf
GA2008S422,http://www.legis.ga.gov/Legislation/20072008/77688.pdf,2,/Users/josephloffredo/MIT Dropbox/Joseph Loffredo/election_bill_text/data/georgia/GA2008S422/GA2008S422_2.pdf
GA2009H1025,http://www.legis.ga.gov/Legislation/20092010/102130.pdf,4,/Users/josephloffredo/MIT Dropbox/Joseph Loffredo/election_bill_text/data/georgia/GA2009H1025/GA2009H1025_4.pdf
GA2009H1044,http://www.legis.ga.gov/Legislation/20092010/98441.pdf,2,/Users/josephloffredo/MIT Dropbox/Joseph Loffredo/election_bill_text/data/georgia/GA2009H1044/GA2009H1044_2.pdf
GA2009H1114,http://www.legis.ga.gov/Legislation/20092010/99130.pdf,2,/Users/josephloffredo/MIT Dropbox/Joseph Loffredo/election_bill_text/data/georgia/GA2009H1114/GA2009H1114_2.pdf
GA2009H1142,http://www.legis.ga.gov/Legislation/20092010/103963.pdf,4,/Users/josephloffredo/MIT Dropbox/Joseph Loffredo/election_bill_text/data/georgia/GA2009H1142/GA2009H1142_4.pdf
GA2009H139,http://www.legis.ga.gov/Legislation/20092010/87108.pdf,2,/Users/josephloffredo/MIT Dropbox/Joseph Loffredo/election_bill_text/data/georgia/GA2009H139/GA2009H139_2.pdf
GA2009H1479,http://www.legis.ga.gov/Legislation/20092010/103908.pdf,2,/Users/josephloffredo/MIT Dropbox/Joseph Loffredo/election_bill_text/data/georgia/GA2009H1479/GA2009H1479_2.pdf
GA2009H1506,http://www.legis.ga.gov/Legislation/20092010/107684.pdf,4,/Users/josephloffredo/MIT Dropbox/Joseph Loffredo/election_bill_text/data/georgia/GA2009H1506/GA2009H1506_4.pdf
GA2009H209,http://www.legis.ga.gov/Legislation/20092010/90590.pdf,4,/Users/josephloffredo/MIT Dropbox/Joseph Loffredo/election_bill_text/data/georgia/GA2009H209/GA2009H209_4.pdf
GA2009H268,http://www.legis.ga.gov/Legislation/20092010/87986.pdf,2,/Users/josephloffredo/MIT Dropbox/Joseph Loffredo/election_bill_text/data/georgia/GA2009H268/GA2009H268_2.pdf
GA2009H383,http://www.legis.ga.gov/Legislation/20092010/91446.pdf,4,/Users/josephloffredo/MIT Dropbox/Joseph Loffredo/election_bill_text/data/georgia/GA2009H383/GA2009H383_4.pdf
GA2009H386,http://www.legis.ga.gov/Legislation/20092010/96194.pdf,4,/Users/josephloffredo/MIT Dropbox/Joseph Loffredo/election_bill_text/data/georgia/GA2009H386/GA2009H386_4.pdf
GA2009H45,http://www.legis.ga.gov/Legislation/20092010/91969.pdf,5,/Users/josephloffredo/MIT Dropbox/Joseph Loffredo/election_bill_text/data/georgia/GA2009H45/GA2009H45_5.pdf
GA2009H540,http://www.legis.ga.gov/Legislation/20092010/107426.pdf,11,/Users/josephloffredo/MIT Dropbox/Joseph Loffredo/election_bill_text/data/georgia/GA2009H540/GA2009H540_11.pdf
GA2009H548,http://www.legis.ga.gov/Legislation/20092010/90680.pdf,2,/Users/josephloffredo/MIT Dropbox/Joseph Loffredo/election_bill_text/data/georgia/GA2009H548/GA2009H548_2.pdf
GA2009H569,http://www.legis.ga.gov/Legislation/20092010/90928.pdf,2,/Users/josephloffredo/MIT Dropbox/Joseph Loffredo/election_bill_text/data/georgia/GA2009H569/GA2009H569_2.pdf
GA2009H658,http://www.legis.ga.gov/Legislation/20092010/96912.pdf,4,/Users/josephloffredo/MIT Dropbox/Joseph Loffredo/election_bill_text/data/georgia/GA2009H658/GA2009H658_4.pdf
GA2009H665,http://www.legis.ga.gov/Legislation/20092010/105230.pdf,9,/Users/josephloffredo/MIT Dropbox/Joseph Loffredo/election_bill_text/data/georgia/GA2009H665/GA2009H665_9.pdf
GA2009H678,http://www.legis.ga.gov/Legislation/20092010/93901.pdf,5,/Users/josephloffredo/MIT Dropbox/Joseph Loffredo/election_bill_text/data/georgia/GA2009H678/GA2009H678_5.pdf
GA2009H686,http://www.legis.ga.gov/Legislation/20092010/96556.pdf,4,/Users/josephloffredo/MIT Dropbox/Joseph Loffredo/election_bill_text/data/georgia/GA2009H686/GA2009H686_4.pdf
GA2009H687,http://www.legis.ga.gov/Legislation/20092010/94071.pdf,4,/Users/josephloffredo/MIT Dropbox/Joseph Loffredo/election_bill_text/data/georgia/GA2009H687/GA2009H687_4.pdf
GA2009H711,http://www.legis.ga.gov/Legislation/20092010/96233.pdf,4,/Users/josephloffredo/MIT Dropbox/Joseph Loffredo/election_bill_text/data/georgia/GA2009H711/GA2009H711_4.pdf
GA2009H723,http://www.legis.ga.gov/Legislation/20092010/96236.pdf,4,/Users/josephloffredo/MIT Dropbox/Joseph Loffredo/election_bill_text/data/georgia/GA2009H723/GA2009H723_4.pdf
GA2009H744,http://www.legis.ga.gov/Legislation/20092010/97034.pdf,4,/Users/josephloffredo/MIT Dropbox/Joseph Loffredo/election_bill_text/data/georgia/GA2009H744/GA2009H744_4.pdf
GA2009H780,http://www.legis.ga.gov/Legislation/20092010/93566.pdf,2,/Users/josephloffredo/MIT Dropbox/Joseph Loffredo/election_bill_text/data/georgia/GA2009H780/GA2009H780_2.pdf
GA2009H798,http://www.legis.ga.gov/Legislation/20092010/97038.pdf,4,/Users/josephloffredo/MIT Dropbox/Joseph Loffredo/election_bill_text/data/georgia/GA2009H798/GA2009H798_4.pdf
GA2009H841,http://www.legis.ga.gov/Legislation/20092010/96995.pdf,4,/Users/josephloffredo/MIT Dropbox/Joseph Loffredo/election_bill_text/data/georgia/GA2009H841/GA2009H841_4.pdf
GA2009H848,http://www.legis.ga.gov/Legislation/20092010/95461.pdf,2,/Users/josephloffredo/MIT Dropbox/Joseph Loffredo/election_bill_text/data/georgia/GA2009H848/GA2009H848_2.pdf
GA2009H86,http://www.legis.ga.gov/Legislation/20092010/96382.pdf,7,/Users/josephloffredo/MIT Dropbox/Joseph Loffredo/election_bill_text/data/georgia/GA2009H86/GA2009H86_7.pdf
GA2009HR22,http://www.legis.ga.gov/Legislation/20092010/90890.pdf,4,/Users/josephloffredo/MIT Dropbox/Joseph Loffredo/election_bill_text/data/georgia/GA2009HR22/GA2009HR22_4.pdf
GA2009S152,http://www.legis.ga.gov/Legislation/20092010/96938.pdf,8,/Users/josephloffredo/MIT Dropbox/Joseph Loffredo/election_bill_text/data/georgia/GA2009S152/GA2009S152_8.pdf
GA2009S17,http://www.legis.ga.gov/Legislation/20092010/107545.pdf,17,/Users/josephloffredo/MIT Dropbox/Joseph Loffredo/election_bill_text/data/georgia/GA2009S17/GA2009S17_17.pdf
GA2009S185,http://www.legis.ga.gov/Legislation/20092010/90091.pdf,2,/Users/josephloffredo/MIT Dropbox/Joseph Loffredo/election_bill_text/data/georgia/GA2009S185/GA2009S185_2.pdf
GA2009S242,http://www.legis.ga.gov/Legislation/20092010/91924.pdf,2,/Users/josephloffredo/MIT Dropbox/Joseph Loffredo/election_bill_text/data/georgia/GA2009S242/GA2009S242_2.pdf
GA2009S545,http://www.legis.ga.gov/Legislation/20092010/107742.pdf,5,/Users/josephloffredo/MIT Dropbox/Joseph Loffredo/election_bill_text/data/georgia/GA2009S545/GA2009S545_5.pdf
GA2009S70,http://www.legis.ga.gov/Legislation/20092010/95321.pdf,5,/Users/josephloffredo/MIT Dropbox/Joseph Loffredo/election_bill_text/data/georgia/GA2009S70/GA2009S70_5.pdf
GA2009S86,http://www.legis.ga.gov/Legislation/20092010/96910.pdf,9,/Users/josephloffredo/MIT Dropbox/Joseph Loffredo/election_bill_text/data/georgia/GA2009S86/GA2009S86_9.pdf
GA2009SR108,http://www.legis.ga.gov/Legislation/20092010/87734.pdf,2,/Users/josephloffredo/MIT Dropbox/Joseph Loffredo/election_bill_text/data/georgia/GA2009SR108/GA2009SR108_2.pdf
GA2010H1073,http://www.legis.ga.gov/Legislation/20092010/105234.pdf,7,/Users/josephloffredo/MIT Dropbox/Joseph Loffredo/election_bill_text/data/georgia/GA2010H1073/GA2010H1073_7.pdf
GA2010H1141,http://www.legis.ga.gov/Legislation/20092010/99466.pdf,2,/Users/josephloffredo/MIT Dropbox/Joseph Loffredo/election_bill_text/data/georgia/GA2010H1141/GA2010H1141_2.pdf
GA2010H1257,http://www.legis.ga.gov/Legislation/20092010/100570.pdf,2,/Users/josephloffredo/MIT Dropbox/Joseph Loffredo/election_bill_text/data/georgia/GA2010H1257/GA2010H1257_2.pdf
GA2010H1335,http://www.legis.ga.gov/Legislation/20092010/101199.pdf,2,/Users/josephloffredo/MIT Dropbox/Joseph Loffredo/election_bill_text/data/georgia/GA2010H1335/GA2010H1335_2.pdf
GA2010H139,http://www.legis.ga.gov/Legislation/20092010/87108.pdf,2,/Users/josephloffredo/MIT Dropbox/Joseph Loffredo/election_bill_text/data/georgia/GA2010H139/GA2010H139_2.pdf
GA2010H1425,http://www.legis.ga.gov/Legislation/20092010/102628.pdf,2,/Users/josephloffredo/MIT Dropbox/Joseph Loffredo/election_bill_text/data/georgia/GA2010H1425/GA2010H1425_2.pdf
GA2010H209,http://www.legis.ga.gov/Legislation/20092010/90590.pdf,4,/Users/josephloffredo/MIT Dropbox/Joseph Loffredo/election_bill_text/data/georgia/GA2010H209/GA2010H209_4.pdf
GA2010H268,http://www.legis.ga.gov/Legislation/20092010/87986.pdf,2,/Users/josephloffredo/MIT Dropbox/Joseph Loffredo/election_bill_text/data/georgia/GA2010H268/GA2010H268_2.pdf
GA2010H45,http://www.legis.ga.gov/Legislation/20092010/91969.pdf,5,/Users/josephloffredo/MIT Dropbox/Joseph Loffredo/election_bill_text/data/georgia/GA2010H45/GA2010H45_5.pdf
GA2010H540,http://www.legis.ga.gov/Legislation/20092010/107426.pdf,11,/Users/josephloffredo/MIT Dropbox/Joseph Loffredo/election_bill_text/data/georgia/GA2010H540/GA2010H540_11.pdf
GA2010H548,http://www.legis.ga.gov/Legislation/20092010/90680.pdf,2,/Users/josephloffredo/MIT Dropbox/Joseph Loffredo/election_bill_text/data/georgia/GA2010H548/GA2010H548_2.pdf
GA2010H665,http://www.legis.ga.gov/Legislation/20092010/105230.pdf,9,/Users/josephloffredo/MIT Dropbox/Joseph Loffredo/election_bill_text/data/georgia/GA2010H665/GA2010H665_9.pdf
GA2010H780,http://www.legis.ga.gov/Legislation/20092010/93566.pdf,2,/Users/josephloffredo/MIT Dropbox/Joseph Loffredo/election_bill_text/data/georgia/GA2010H780/GA2010H780_2.pdf
GA2010H848,http://www.legis.ga.gov/Legislation/20092010/95461.pdf,2,/Users/josephloffredo/MIT Dropbox/Joseph Loffredo/election_bill_text/data/georgia/GA2010H848/GA2010H848_2.pdf
GA2010S17,http://www.legis.ga.gov/Legislation/20092010/107545.pdf,17,/Users/josephloffredo/MIT Dropbox/Joseph Loffredo/election_bill_text/data/georgia/GA2010S17/GA2010S17_17.pdf
GA2010S185,http://www.legis.ga.gov/Legislation/20092010/90091.pdf,2,/Users/josephloffredo/MIT Dropbox/Joseph Loffredo/election_bill_text/data/georgia/GA2010S185/GA2010S185_2.pdf
GA2010S348,http://www.legis.ga.gov/Legislation/20092010/98457.pdf,2,/Users/josephloffredo/MIT Dropbox/Joseph Loffredo/election_bill_text/data/georgia/GA2010S348/GA2010S348_2.pdf
GA2010S359,http://www.legis.ga.gov/Legislation/20092010/98731.pdf,2,/Users/josephloffredo/MIT Dropbox/Joseph Loffredo/election_bill_text/data/georgia/GA2010S359/GA2010S359_2.pdf
GA2010S406,http://www.legis.ga.gov/Legislation/20092010/104964.pdf,9,/Users/josephloffredo/MIT Dropbox/Joseph Loffredo/election_bill_text/data/georgia/GA2010S406/GA2010S406_9.pdf
GA2010S434,http://www.legis.ga.gov/Legislation/20092010/100238.pdf,2,/Users/josephloffredo/MIT Dropbox/Joseph Loffredo/election_bill_text/data/georgia/GA2010S434/GA2010S434_2.pdf
GA2010SR108,http://www.legis.ga.gov/Legislation/20092010/87734.pdf,2,/Users/josephloffredo/MIT Dropbox/Joseph Loffredo/election_bill_text/data/georgia/GA2010SR108/GA2010SR108_2.pdf
GA2011H1245,http://www.legis.ga.gov/Legislation/20112012/126320.pdf,4,/Users/josephloffredo/MIT Dropbox/Joseph Loffredo/election_bill_text/data/georgia/GA2011H1245/GA2011H1245_4.pdf
GA2011H1250,http://www.legis.ga.gov/Legislation/20112012/126325.pdf,4,/Users/josephloffredo/MIT Dropbox/Joseph Loffredo/election_bill_text/data/georgia/GA2011H1250/GA2011H1250_4.pdf
GA2011H1299,http://www.legis.ga.gov/Legislation/20112012/127861.pdf,4,/Users/josephloffredo/MIT Dropbox/Joseph Loffredo/election_bill_text/data/georgia/GA2011H1299/GA2011H1299_4.pdf
GA2011H138,http://www.legis.ga.gov/Legislation/20112012/108934.pdf,2,/Users/josephloffredo/MIT Dropbox/Joseph Loffredo/election_bill_text/data/georgia/GA2011H138/GA2011H138_2.pdf
GA2011H294,http://www.legis.ga.gov/Legislation/20112012/116300.pdf,4,/Users/josephloffredo/MIT Dropbox/Joseph Loffredo/election_bill_text/data/georgia/GA2011H294/GA2011H294_4.pdf
GA2011H417,http://www.legis.ga.gov/Legislation/20112012/111553.pdf,2,/Users/josephloffredo/MIT Dropbox/Joseph Loffredo/election_bill_text/data/georgia/GA2011H417/GA2011H417_2.pdf
GA2011H494,http://www.legis.ga.gov/Legislation/20112012/112370.pdf,2,/Users/josephloffredo/MIT Dropbox/Joseph Loffredo/election_bill_text/data/georgia/GA2011H494/GA2011H494_2.pdf
GA2011H551,http://www.legis.ga.gov/Legislation/20112012/115060.pdf,4,/Users/josephloffredo/MIT Dropbox/Joseph Loffredo/election_bill_text/data/georgia/GA2011H551/GA2011H551_4.pdf
GA2011H553,http://www.legis.ga.gov/Legislation/20112012/115054.pdf,4,/Users/josephloffredo/MIT Dropbox/Joseph Loffredo/election_bill_text/data/georgia/GA2011H553/GA2011H553_4.pdf
GA2011H566,http://www.legis.ga.gov/Legislation/20112012/115062.pdf,4,/Users/josephloffredo/MIT Dropbox/Joseph Loffredo/election_bill_text/data/georgia/GA2011H566/GA2011H566_4.pdf
GA2011H569,http://www.legis.ga.gov/Legislation/20112012/116396.pdf,4,/Users/josephloffredo/MIT Dropbox/Joseph Loffredo/election_bill_text/data/georgia/GA2011H569/GA2011H569_4.pdf
GA2011H573,http://www.legis.ga.gov/Legislation/20112012/115067.pdf,4,/Users/josephloffredo/MIT Dropbox/Joseph Loffredo/election_bill_text/data/georgia/GA2011H573/GA2011H573_4.pdf
GA2011H602,http://www.legis.ga.gov/Legislation/20112012/116601.pdf,4,/Users/josephloffredo/MIT Dropbox/Joseph Loffredo/election_bill_text/data/georgia/GA2011H602/GA2011H602_4.pdf
GA2011H638,http://www.legis.ga.gov/Legislation/20112012/122936.pdf,4,/Users/josephloffredo/MIT Dropbox/Joseph Loffredo/election_bill_text/data/georgia/GA2011H638/GA2011H638_4.pdf
GA2011H92,http://www.legis.ga.gov/Legislation/20112012/116254.pdf,8,/Users/josephloffredo/MIT Dropbox/Joseph Loffredo/election_bill_text/data/georgia/GA2011H92/GA2011H92_8.pdf
GA2011S101,http://www.legis.ga.gov/Legislation/20112012/126241.pdf,4,/Users/josephloffredo/MIT Dropbox/Joseph Loffredo/election_bill_text/data/georgia/GA2011S101/GA2011S101_4.pdf
GA2011S160,http://www.legis.ga.gov/Legislation/20112012/116842.pdf,14,/Users/josephloffredo/MIT Dropbox/Joseph Loffredo/election_bill_text/data/georgia/GA2011S160/GA2011S160_14.pdf
GA2011S163,http://www.legis.ga.gov/Legislation/20112012/116895.pdf,6,/Users/josephloffredo/MIT Dropbox/Joseph Loffredo/election_bill_text/data/georgia/GA2011S163/GA2011S163_6.pdf
GA2011S173,http://www.legis.ga.gov/Legislation/20112012/113645.pdf,5,/Users/josephloffredo/MIT Dropbox/Joseph Loffredo/election_bill_text/data/georgia/GA2011S173/GA2011S173_5.pdf
GA2011S462,http://www.legis.ga.gov/Legislation/20112012/127966.pdf,5,/Users/josephloffredo/MIT Dropbox/Joseph Loffredo/election_bill_text/data/georgia/GA2011S462/GA2011S462_5.pdf
GA2011S477,http://www.legis.ga.gov/Legislation/20112012/125701.pdf,5,/Users/josephloffredo/MIT Dropbox/Joseph Loffredo/election_bill_text/data/georgia/GA2011S477/GA2011S477_5.pdf
GA2011S520,http://www.legis.ga.gov/Legislation/20112012/127792.pdf,5,/Users/josephloffredo/MIT Dropbox/Joseph Loffredo/election_bill_text/data/georgia/GA2011S520/GA2011S520_5.pdf
GA2011S82,http://www.legis.ga.gov/Legislation/20112012/116888.pdf,10,/Users/josephloffredo/MIT Dropbox/Joseph Loffredo/election_bill_text/data/georgia/GA2011S82/GA2011S82_10.pdf
GA2011S92,http://www.legis.ga.gov/Legislation/20112012/127629.pdf,9,/Users/josephloffredo/MIT Dropbox/Joseph Loffredo/election_bill_text/data/georgia/GA2011S92/GA2011S92_9.pdf
GA2012H1228,http://www.legis.ga.gov/Legislation/20112012/124227.pdf,2,/Users/josephloffredo/MIT Dropbox/Joseph Loffredo/election_bill_text/data/georgia/GA2012H1228/GA2012H1228_2.pdf
GA2012H138,http://www.legis.ga.gov/Legislation/20112012/108934.pdf,2,/Users/josephloffredo/MIT Dropbox/Joseph Loffredo/election_bill_text/data/georgia/GA2012H138/GA2012H138_2.pdf
GA2012H494,http://www.legis.ga.gov/Legislation/20112012/112370.pdf,2,/Users/josephloffredo/MIT Dropbox/Joseph Loffredo/election_bill_text/data/georgia/GA2012H494/GA2012H494_2.pdf
GA2012H707,http://www.legis.ga.gov/Legislation/20112012/118313.pdf,3,/Users/josephloffredo/MIT Dropbox/Joseph Loffredo/election_bill_text/data/georgia/GA2012H707/GA2012H707_3.pdf
GA2012H899,http://www.legis.ga.gov/Legislation/20112012/125962.pdf,11,/Users/josephloffredo/MIT Dropbox/Joseph Loffredo/election_bill_text/data/georgia/GA2012H899/GA2012H899_11.pdf
GA2012H92,http://www.legis.ga.gov/Legislation/20112012/116254.pdf,8,/Users/josephloffredo/MIT Dropbox/Joseph Loffredo/election_bill_text/data/georgia/GA2012H92/GA2012H92_8.pdf
GA2012H939,http://www.legis.ga.gov/Legislation/20112012/120309.pdf,2,/Users/josephloffredo/MIT Dropbox/Joseph Loffredo/election_bill_text/data/georgia/GA2012H939/GA2012H939_2.pdf
GA2012H949,http://www.legis.ga.gov/Legislation/20112012/120442.pdf,2,/Users/josephloffredo/MIT Dropbox/Joseph Loffredo/election_bill_text/data/georgia/GA2012H949/GA2012H949_2.pdf
GA2012S101,http://www.legis.ga.gov/Legislation/20112012/126241.pdf,4,/Users/josephloffredo/MIT Dropbox/Joseph Loffredo/election_bill_text/data/georgia/GA2012S101/GA2012S101_4.pdf
GA2012S325,http://www.legis.ga.gov/Legislation/20112012/118760.pdf,2,/Users/josephloffredo/MIT Dropbox/Joseph Loffredo/election_bill_text/data/georgia/GA2012S325/GA2012S325_2.pdf
GA2012S326,http://www.legis.ga.gov/Legislation/20112012/118764.pdf,2,/Users/josephloffredo/MIT Dropbox/Joseph Loffredo/election_bill_text/data/georgia/GA2012S326/GA2012S326_2.pdf
GA2012S82,http://www.legis.ga.gov/Legislation/20112012/116888.pdf,10,/Users/josephloffredo/MIT Dropbox/Joseph Loffredo/election_bill_text/data/georgia/GA2012S82/GA2012S82_10.pdf
GA2012S92,http://www.legis.ga.gov/Legislation/20112012/127629.pdf,9,/Users/josephloffredo/MIT Dropbox/Joseph Loffredo/election_bill_text/data/georgia/GA2012S92/GA2012S92_9.pdf
GA2013H1018,http://www.legis.ga.gov/Legislation/20132014/142378.pdf,4,/Users/josephloffredo/MIT Dropbox/Joseph Loffredo/election_bill_text/data/georgia/GA2013H1018/GA2013H1018_4.pdf
GA2013H1048,http://www.legis.ga.gov/Legislation/20132014/142521.pdf,4,/Users/josephloffredo/MIT Dropbox/Joseph Loffredo/election_bill_text/data/georgia/GA2013H1048/GA2013H1048_4.pdf
GA2013H1106,http://www.legis.ga.gov/Legislation/20132014/143775.pdf,4,/Users/josephloffredo/MIT Dropbox/Joseph Loffredo/election_bill_text/data/georgia/GA2013H1106/GA2013H1106_4.pdf
GA2013H1131,http://www.legis.ga.gov/Legislation/20132014/145009.pdf,4,/Users/josephloffredo/MIT Dropbox/Joseph Loffredo/election_bill_text/data/georgia/GA2013H1131/GA2013H1131_4.pdf
GA2013H223,http://www.legis.ga.gov/Legislation/20132014/132168.pdf,4,/Users/josephloffredo/MIT Dropbox/Joseph Loffredo/election_bill_text/data/georgia/GA2013H223/GA2013H223_4.pdf
GA2013H347,http://www.legis.ga.gov/Legislation/20132014/135385.pdf,4,/Users/josephloffredo/MIT Dropbox/Joseph Loffredo/election_bill_text/data/georgia/GA2013H347/GA2013H347_4.pdf
GA2013H505,http://www.legis.ga.gov/Legislation/20132014/134732.pdf,4,/Users/josephloffredo/MIT Dropbox/Joseph Loffredo/election_bill_text/data/georgia/GA2013H505/GA2013H505_4.pdf
GA2013H552,http://www.legis.ga.gov/Legislation/20132014/135398.pdf,4,/Users/josephloffredo/MIT Dropbox/Joseph Loffredo/election_bill_text/data/georgia/GA2013H552/GA2013H552_4.pdf
GA2013H576,http://www.legis.ga.gov/Legislation/20132014/135570.pdf,4,/Users/josephloffredo/MIT Dropbox/Joseph Loffredo/election_bill_text/data/georgia/GA2013H576/GA2013H576_4.pdf
GA2013H615,http://www.legis.ga.gov/Legislation/20132014/134597.pdf,2,/Users/josephloffredo/MIT Dropbox/Joseph Loffredo/election_bill_text/data/georgia/GA2013H615/GA2013H615_2.pdf
GA2013H630,http://www.legis.ga.gov/Legislation/20132014/136771.pdf,4,/Users/josephloffredo/MIT Dropbox/Joseph Loffredo/election_bill_text/data/georgia/GA2013H630/GA2013H630_4.pdf
GA2013H632,http://www.legis.ga.gov/Legislation/20132014/134891.pdf,2,/Users/josephloffredo/MIT Dropbox/Joseph Loffredo/election_bill_text/data/georgia/GA2013H632/GA2013H632_2.pdf
GA2013H661,http://www.legis.ga.gov/Legislation/20132014/137135.pdf,4,/Users/josephloffredo/MIT Dropbox/Joseph Loffredo/election_bill_text/data/georgia/GA2013H661/GA2013H661_4.pdf
GA2013H792,http://www.legis.ga.gov/Legislation/20132014/141151.pdf,4,/Users/josephloffredo/MIT Dropbox/Joseph Loffredo/election_bill_text/data/georgia/GA2013H792/GA2013H792_4.pdf
GA2013H865,http://www.legis.ga.gov/Legislation/20132014/141370.pdf,4,/Users/josephloffredo/MIT Dropbox/Joseph Loffredo/election_bill_text/data/georgia/GA2013H865/GA2013H865_4.pdf
GA2013H944,http://www.legis.ga.gov/Legislation/20132014/141767.pdf,4,/Users/josephloffredo/MIT Dropbox/Joseph Loffredo/election_bill_text/data/georgia/GA2013H944/GA2013H944_4.pdf
GA2013H997,http://www.legis.ga.gov/Legislation/20132014/142372.pdf,4,/Users/josephloffredo/MIT Dropbox/Joseph Loffredo/election_bill_text/data/georgia/GA2013H997/GA2013H997_4.pdf
GA2013HR108,http://www.legis.ga.gov/Legislation/20132014/129252.pdf,2,/Users/josephloffredo/MIT Dropbox/Joseph Loffredo/election_bill_text/data/georgia/GA2013HR108/GA2013HR108_2.pdf
GA2013HR162,http://www.legis.ga.gov/Legislation/20132014/129594.pdf,2,/Users/josephloffredo/MIT Dropbox/Joseph Loffredo/election_bill_text/data/georgia/GA2013HR162/GA2013HR162_2.pdf
GA2013HR203,http://www.legis.ga.gov/Legislation/20132014/129879.pdf,2,/Users/josephloffredo/MIT Dropbox/Joseph Loffredo/election_bill_text/data/georgia/GA2013HR203/GA2013HR203_2.pdf
GA2013S254,http://www.legis.ga.gov/Legislation/20132014/136983.pdf,5,/Users/josephloffredo/MIT Dropbox/Joseph Loffredo/election_bill_text/data/georgia/GA2013S254/GA2013S254_5.pdf
GA2013S297,http://www.legis.ga.gov/Legislation/20132014/138552.pdf,10,/Users/josephloffredo/MIT Dropbox/Joseph Loffredo/election_bill_text/data/georgia/GA2013S297/GA2013S297_10.pdf
GA2013S3,http://www.legis.ga.gov/Legislation/20132014/128031.pdf,2,/Users/josephloffredo/MIT Dropbox/Joseph Loffredo/election_bill_text/data/georgia/GA2013S3/GA2013S3_2.pdf
GA2013S428,http://www.legis.ga.gov/Legislation/20132014/142732.pdf,3,/Users/josephloffredo/MIT Dropbox/Joseph Loffredo/election_bill_text/data/georgia/GA2013S428/GA2013S428_3.pdf
GA2013S44,http://www.legis.ga.gov/Legislation/20132014/128235.pdf,2,/Users/josephloffredo/MIT Dropbox/Joseph Loffredo/election_bill_text/data/georgia/GA2013S44/GA2013S44_2.pdf
GA2013S7,http://www.legis.ga.gov/Legislation/20132014/128318.pdf,3,/Users/josephloffredo/MIT Dropbox/Joseph Loffredo/election_bill_text/data/georgia/GA2013S7/GA2013S7_3.pdf
GA2014H1043,http://www.legis.ga.gov/Legislation/20132014/144467.pdf,4,/Users/josephloffredo/MIT Dropbox/Joseph Loffredo/election_bill_text/data/georgia/GA2014H1043/GA2014H1043_4.pdf
GA2014H852,http://www.legis.ga.gov/Legislation/20132014/138313.pdf,2,/Users/josephloffredo/MIT Dropbox/Joseph Loffredo/election_bill_text/data/georgia/GA2014H852/GA2014H852_2.pdf
GA2014H891,http://www.legis.ga.gov/Legislation/20132014/144731.pdf,7,/Users/josephloffredo/MIT Dropbox/Joseph Loffredo/election_bill_text/data/georgia/GA2014H891/GA2014H891_7.pdf
GA2014H942,http://www.legis.ga.gov/Legislation/20132014/139168.pdf,2,/Users/josephloffredo/MIT Dropbox/Joseph Loffredo/election_bill_text/data/georgia/GA2014H942/GA2014H942_2.pdf
GA2014H945,http://www.legis.ga.gov/Legislation/20132014/139165.pdf,2,/Users/josephloffredo/MIT Dropbox/Joseph Loffredo/election_bill_text/data/georgia/GA2014H945/GA2014H945_2.pdf
GA2014HR108,http://www.legis.ga.gov/Legislation/20132014/129252.pdf,2,/Users/josephloffredo/MIT Dropbox/Joseph Loffredo/election_bill_text/data/georgia/GA2014HR108/GA2014HR108_2.pdf
GA2014HR1865,http://www.legis.ga.gov/Legislation/20132014/143818.pdf,2,/Users/josephloffredo/MIT Dropbox/Joseph Loffredo/election_bill_text/data/georgia/GA2014HR1865/GA2014HR1865_2.pdf
GA2014S311,http://www.legis.ga.gov/Legislation/20132014/137987.pdf,2,/Users/josephloffredo/MIT Dropbox/Joseph Loffredo/election_bill_text/data/georgia/GA2014S311/GA2014S311_2.pdf
GA2014S315,http://www.legis.ga.gov/Legislation/20132014/137964.pdf,2,/Users/josephloffredo/MIT Dropbox/Joseph Loffredo/election_bill_text/data/georgia/GA2014S315/GA2014S315_2.pdf
GA2014S390,http://www.legis.ga.gov/Legislation/20132014/139902.pdf,2,/Users/josephloffredo/MIT Dropbox/Joseph Loffredo/election_bill_text/data/georgia/GA2014S390/GA2014S390_2.pdf
GA2014S4,http://www.legis.ga.gov/Legislation/20132014/128275.pdf,3,/Users/josephloffredo/MIT Dropbox/Joseph Loffredo/election_bill_text/data/georgia/GA2014S4/GA2014S4_3.pdf
GA2014S44,http://www.legis.ga.gov/Legislation/20132014/128235.pdf,2,/Users/josephloffredo/MIT Dropbox/Joseph Loffredo/election_bill_text/data/georgia/GA2014S44/GA2014S44_2.pdf
GA2014S5,http://www.legis.ga.gov/Legislation/20132014/128287.pdf,3,/Users/josephloffredo/MIT Dropbox/Joseph Loffredo/election_bill_text/data/georgia/GA2014S5/GA2014S5_3.pdf
GA2014S6,http://www.legis.ga.gov/Legislation/20132014/128289.pdf,3,/Users/josephloffredo/MIT Dropbox/Joseph Loffredo/election_bill_text/data/georgia/GA2014S6/GA2014S6_3.pdf
GA2014S8,http://www.legis.ga.gov/Legislation/20132014/128321.pdf,3,/Users/josephloffredo/MIT Dropbox/Joseph Loffredo/election_bill_text/data/georgia/GA2014S8/GA2014S8_3.pdf
GA2014S9,http://www.legis.ga.gov/Legislation/20132014/128327.pdf,3,/Users/josephloffredo/MIT Dropbox/Joseph Loffredo/election_bill_text/data/georgia/GA2014S9/GA2014S9_3.pdf
